/*
Navicat MariaDB Data Transfer

Source Server         : MariaDB
Source Server Version : 100020
Source Host           : localhost:3306
Source Database       : projone

Target Server Type    : MariaDB
Target Server Version : 100020
File Encoding         : 65001

Date: 2016-01-15 17:48:15
*/

SET FOREIGN_KEY_CHECKS=0;

-- ----------------------------
-- Table structure for b_pro_detail
-- ----------------------------
DROP TABLE IF EXISTS `b_pro_detail`;
CREATE TABLE `b_pro_detail` (
  `UID` varchar(100) NOT NULL,
  `NAME` varchar(255) DEFAULT NULL,
  `TYPE_UID` varchar(100) DEFAULT NULL,
  `CREATEDATE` datetime DEFAULT CURRENT_TIMESTAMP,
  `REMARK` varchar(255) DEFAULT NULL,
  `PID` varchar(255) DEFAULT NULL,
  `PRICE` varchar(32) DEFAULT NULL,
  `TBPRICE` varchar(32) DEFAULT NULL,
  `TROVE` varchar(32) DEFAULT NULL,
  `EVALUATECOUNT` varchar(32) DEFAULT NULL,
  `TRADECOUNT` varchar(32) DEFAULT NULL,
  `POSTAGETOGGLECOUNT` varchar(32) DEFAULT NULL,
  `ITEMRATES` varchar(32) DEFAULT NULL,
  `TRADECOUNTFORM` int(32) DEFAULT NULL,
  `TRADECOUNTFORD` int(32) DEFAULT NULL,
  `EMSTOCK` varchar(32) DEFAULT NULL,
  `URL` varchar(32) DEFAULT NULL,
  `YEAR` varchar(6) DEFAULT NULL,
  `MONTH` varchar(6) DEFAULT NULL,
  `DAY` varchar(6) DEFAULT NULL,
  `HOUR` varchar(6) DEFAULT NULL,
  `MINUTES` varchar(6) DEFAULT NULL,
  `SECOND` varchar(6) DEFAULT NULL
) ENGINE=InnoDB DEFAULT CHARSET=utf8;

-- ----------------------------
-- Records of b_pro_detail
-- ----------------------------
INSERT INTO `b_pro_detail` VALUES ('abc52b7d2bfa4112b428370663c24ce6', '百花 蜂王浆冻干粉胶囊 0.35g/粒*160粒-tmall.com天猫', null, '2016-01-10 23:40:49', '商品为国家食品药品监管局批准的 保健食品，本品不能代替药物，不能用于疾病预防、治疗。\r\n产品参数：\r\n产品标准号：Q/WFZB 0001S\r\n厂名：北京百花蜂业科技发展股份公司\r\n厂址：北京市北京经济技术开发区同济中路7号3号楼\r\n厂家联系方式：400-650-3801\r\n配料表：蜂王浆冻干粉\r\n储藏方法：阴凉干燥处、避免高温\r\n保质期：720 天\r\n食品添加剂：见详情页\r\n产品名称：百花 蜂王浆冻干粉胶囊 0....\r\n产品剂型: 软胶囊\r\n保健食品产品名称: 蜂王浆冻干粉胶囊\r\n品牌: 百花\r\n批准文', 'c74ef797bc994646a8faf2ffb7c2c54a', '  499.00', ' 299.00    ', '（171', '155', null, ': 0.00', null, '23', null, '548', 'http://detail.tmall.com/item.htm', '2016', '1', '10', '23', '40', '49');
INSERT INTO `b_pro_detail` VALUES ('285ecdfb8e8046e8842328916418ecb1', '中华老字号 百花牌枸杞蜂蜜415g 天然纯净农家自产野生蜂蜜-tmall.com天猫', null, '2016-01-10 23:40:56', '产品参数：\r\n生产许可证编号：111126010033\r\n产品标准号：GB14963\r\n厂名：北京百花蜂蜜有限公司\r\n厂址：北京市房山区长阳镇北广阳城大街8号\r\n厂家联系方式：400-650-3801\r\n配料表：枸杞蜂蜜\r\n储藏方法：置阴凉干燥处，密封保存\r\n保质期：540 天\r\n食品添加剂：无\r\n净含量: 415g\r\n包装方式: 包装\r\n商品条形码: 6904546002501\r\n品牌: 百花\r\n系列: 枸杞蜜415g\r\n规格: 415g\r\n生产方式: 分离蜜\r\n蜂蜜种类: 枸杞蜜\r\n产地: 中国大陆\r', '50bf1dbbb77545db8e6b291f93a28a54', '  69.00', ' 35.00    ', '（4686', '5756', null, ': 0.00', null, '322', null, '1257', 'http://detail.tmall.com/item.htm', '2016', '1', '10', '23', '40', '56');
INSERT INTO `b_pro_detail` VALUES ('1d0fb73cd14a464b9b8025acb1fef701', '中华老字号百花牌 枸杞/苹果/益母草蜂蜜415g*3瓶-tmall.com天猫', null, '2016-01-10 23:41:03', '产品参数：\r\n生产许可证编号：111126010033\r\n产品标准号：GB18796\r\n厂名：北京百花蜂蜜有限公司\r\n厂址：北京市房山区长阳镇北广阳城大街8号\r\n厂家联系方式：400-650-3801\r\n配料表：枸杞蜂蜜 益母草蜂蜜 苹果蜂蜜\r\n储藏方法：置阴凉干燥处，密封保存\r\n保质期：540 天\r\n食品添加剂：无\r\n净含量: 1245g\r\n包装方式: 包装\r\n品牌: 百花\r\n系列: 蜂蜜3瓶\r\n规格: 1245G\r\n生产方式: 分离蜜\r\n蜂蜜种类: 其他/other\r\n产地: 中国大陆\r\n省份: 北京', '9bf869a66bac4d5c96593aec5bab335a', '  199.00', ' 88.00    ', '（5996', '12286', null, ': 0.00', null, '547', null, '1396', 'http://detail.tmall.com/item.htm', '2016', '1', '10', '23', '41', '3');
INSERT INTO `b_pro_detail` VALUES ('3eafe14cd6fd4bc6b9d65b12e14e8d55', '百花牌蜂胶液 30ml/瓶*4-tmall.com天猫', null, '2016-01-10 23:41:09', '商品为国家食品药品监管局批准的 保健食品，本品不能代替药物，不能用于疾病预防、治疗。\r\n产品参数：\r\n产品标准号：Q/GXFCP 0017\r\n厂名：北京百花蜂业科技发展股份公司\r\n厂址：北京市北京经济技术开发区同济中路7号楼3号楼\r\n厂家联系方式：400-650-3801\r\n配料表：蜂胶、聚乙二醇400\r\n储藏方法：密封、置于阴凉干燥处\r\n保质期：720 天\r\n食品添加剂：见详情页\r\n产品名称：百花牌蜂胶液 30ml/瓶*4\r\n产品剂型: 口服液\r\n保健食品产品名称: 百花牌蜂胶液\r\n品牌: 百花\r\n批准', 'ca2c37c5454546ffa77e383e0ab148c2', '  399.00', ' 199.00    ', '（226', '380', null, ': 0.00', null, '102', null, '265', 'http://detail.tmall.com/item.htm', '2016', '1', '10', '23', '41', '9');
INSERT INTO `b_pro_detail` VALUES ('2f76b6f53a4b4e65aae127cdf8db3ec9', '老字号 百花牌益母草蜂蜜415g纯蜂蜜 天然纯净农家自产野生蜂蜜-tmall.com天猫', null, '2016-01-10 23:41:15', '产品参数：\r\n生产许可证编号：111126010033\r\n产品标准号：GB14963\r\n厂名：北京百花蜂蜜有限公司\r\n厂址：北京市房山区长阳镇北广阳城大街8号\r\n厂家联系方式：400-650-3801\r\n配料表：益母草蜂蜜\r\n储藏方法：置阴凉干燥处，密封保存\r\n保质期：540 天\r\n食品添加剂：无\r\n净含量: 415g\r\n包装方式: 包装\r\n商品条形码: 6904546002495\r\n品牌: 百花\r\n系列: 益母草蜂蜜\r\n规格: 415g\r\n生产方式: 分离蜜\r\n蜂蜜种类: 益母草蜜\r\n产地: 中国大陆\r', 'ef139bbab1274b70bc035a810b5c82d4', '  59.00', ' 35.00    ', '（3828', '6168', null, ': 0.00', null, '331', null, '2431', 'http://detail.tmall.com/item.htm', '2016', '1', '10', '23', '41', '15');
INSERT INTO `b_pro_detail` VALUES ('5746e999cd1641b897594521a2eeddd1', '中华老字号 百花牌天然蜂蜜415g 天然农家自产纯蜂蜜-tmall.com天猫', null, '2016-01-10 23:41:21', '产品参数：\r\n生产许可证编号：111126010033\r\n产品标准号：GB14963\r\n厂名：北京百花蜂蜜有限公司\r\n厂址：北京市房山区长阳镇北广阳城大街8号\r\n厂家联系方式：400-650-3801\r\n配料表：油菜蜂蜜 荆花蜂蜜\r\n储藏方法：置阴凉干燥避光处\r\n保质期：540 天\r\n食品添加剂：无\r\n净含量: 415g\r\n包装方式: 包装\r\n商品条形码: 6904546001689\r\n品牌: 百花\r\n系列: 百花牌天然蜂蜜\r\n规格: 415g\r\n生产方式: 分离蜜\r\n蜂蜜种类: 百花蜜\r\n产地: 中国大', 'ac5caae6877f4ab7897dd2bf09087d3c', '  89.00', ' 29.50    ', '（9845', '30549', null, ': 0.00', null, '1614', null, '22295', 'http://detail.tmall.com/item.htm', '2016', '1', '10', '23', '41', '21');
INSERT INTO `b_pro_detail` VALUES ('fdbba006ba204b018ef4454122109e44', '中华老字号 百花牌枸杞蜂蜜415g*3瓶量贩装 天然纯蜂蜜-tmall.com天猫', null, '2016-01-10 23:41:27', '产品参数：\r\n生产许可证编号：111126010033\r\n产品标准号：GB14963\r\n厂名：北京百花蜂蜜有限公司\r\n厂址：北京市房山区长阳镇北广阳城大街8号\r\n厂家联系方式：400-650-3801\r\n配料表：枸杞蜂蜜\r\n储藏方法：置阴凉干燥处，密封保存\r\n保质期：540 天\r\n食品添加剂：无\r\n产品名称：百花 枸杞蜂蜜3瓶装 1245g\r\n净含量: 415g\r\n包装方式: 包装\r\n品牌: 百花\r\n系列: 枸杞蜂蜜3瓶装\r\n规格: 1245G\r\n生产方式: 分离蜜\r\n蜂蜜种类: 枸杞蜜\r\n产地: 中国大', '1472d39224e6441fbcbcc6d0cb6f652a', '  188.00', ' 88.00    ', '（1471', '3072', null, ': 0.00', null, '172', null, '902', 'http://detail.tmall.com/item.htm', '2016', '1', '10', '23', '41', '27');
INSERT INTO `b_pro_detail` VALUES ('6c24712cc28248a08507e23f99415298', '百花牌洋参王浆片 0.5g/片*192片-tmall.com天猫', null, '2016-01-10 23:41:33', '商品为国家食品药品监管局批准的 保健食品，本品不能代替药物，不能用于疾病预防、治疗。\r\n产品参数：\r\n产品标准号：Q/GXFCP0030J\r\n厂名：北京百花蜂业科技发展股份公司\r\n厂址：北京市大兴区北京经济技术开发区同济中路7号兴盛工业园3号楼\r\n厂家联系方式：400-650-3801\r\n配料表：蜂王浆纯干粉、人参皂甙\r\n储藏方法：置阴凉干燥密封处\r\n保质期：720 天\r\n食品添加剂：见详情页\r\n产品名称：百花牌洋参王浆片 0.5g/...\r\n产品剂型: 片剂\r\n保健食品产品名称: 百花牌洋参王浆片\r\n品', '56372604bb2c44d19cc5cef508e6c905', '  599.00', ' 299.90    ', '（41', '25', null, ': 0.00', null, '7', null, '33', 'http://detail.tmall.com/item.htm', '2016', '1', '10', '23', '41', '33');
INSERT INTO `b_pro_detail` VALUES ('c3cb29d1574f4cb4a08d288ea01fb20b', '百花牌蜂胶液 30ml/瓶-tmall.com天猫', null, '2016-01-10 23:41:39', '商品为国家食品药品监管局批准的 保健食品，本品不能代替药物，不能用于疾病预防、治疗。\r\n产品参数：\r\n产品标准号：Q/GXFCP 0017\r\n厂名：北京百花蜂业科技发展股份公司\r\n厂址：北京市北京经济技术开发区同济中路7号楼3号楼\r\n厂家联系方式：400-650-3801\r\n配料表：蜂胶、聚乙二醇400\r\n储藏方法：密封、置于阴凉干燥处\r\n保质期：720 天\r\n食品添加剂：无\r\n产品名称：百花牌蜂胶液 30ml/瓶\r\n产品剂型: 口服液\r\n保健食品产品名称: 百花牌蜂胶液\r\n品牌: 百花\r\n批准文号: 国', '744feeac93e4409b9ca25a85cc000a71', '  150.00', ' 69.00    ', '（161', '220', null, ': 0.00', null, '16', null, '122', 'http://detail.tmall.com/item.htm', '2016', '1', '10', '23', '41', '39');
INSERT INTO `b_pro_detail` VALUES ('4a86a991b4ff4b338bfd25002ce9b28c', '中华老字号 百花牌长白雪蜜 高品质椴树蜂蜜250g/瓶 纯蜂蜜-tmall.com天猫', null, '2016-01-10 23:41:45', '产品参数：\r\n生产许可证编号：111126010033\r\n产品标准号：GB14963\r\n厂名：北京百花蜂蜜有限公司\r\n厂址：北京市房山区长阳镇北广阳城大街8号\r\n厂家联系方式：400-650-3801\r\n配料表：椴树蜂蜜\r\n储藏方法：阴凉避光、干燥密闭\r\n保质期：540 天\r\n食品添加剂：无\r\n净含量: 250g\r\n包装方式: 包装\r\n商品条形码: 6904546001931\r\n品牌: 百花\r\n系列: 长白雪蜜250g\r\n规格: 250g/瓶\r\n生产方式: 分离蜜\r\n蜂蜜种类: 椴树蜜\r\n产地: 中国大陆', 'aa20282540d44560a1d4ed1673990307', '  79.00', ' 35.00    ', '（787', '1228', null, ': 0.00', null, '125', null, '1176', 'http://detail.tmall.com/item.htm', '2016', '1', '10', '23', '41', '45');
INSERT INTO `b_pro_detail` VALUES ('8cde312a4a8245fca637ea3547e08814', '中华老字号百花牌洋槐花蜂蜜3瓶 天然农家自产纯野生土蜂蜜-tmall.com天猫', null, '2016-01-10 23:41:51', '产品参数：\r\n生产许可证编号：111126010033\r\n产品标准号：GB14963\r\n厂名：北京百花蜂蜜有限公司\r\n厂址：北京市房山区长阳镇北广阳城大街8号\r\n厂家联系方式：400-650-3801\r\n配料表：洋槐蜂蜜\r\n储藏方法：密封置于阴凉干燥环境中\r\n保质期：540 天\r\n食品添加剂：无\r\n净含量: 1245\r\n包装方式: 包装\r\n品牌: 百花\r\n系列: 洋槐蜂蜜\r\n规格: 3瓶装\r\n生产方式: 分离蜜\r\n蜂蜜种类: 槐花蜜\r\n产地: 中国大陆\r\n省份: 北京\r\n形状: 液态蜜\r\n采收季节: 春季', '3a90571d2dd849c4a8dc9856b7ca9633', '  159.00', ' 88.00    ', '（36378', '72052', null, ': 0.00', null, '2581', null, '3673', 'http://detail.tmall.com/item.htm', '2016', '1', '10', '23', '41', '51');
INSERT INTO `b_pro_detail` VALUES ('180d8d4d341843acb7a0468bc557d841', '百花牌蜂胶软胶囊 0.4g/粒*228粒-tmall.com天猫', null, '2016-01-10 23:41:58', '商品为国家食品药品监管局批准的 保健食品，本品不能代替药物，不能用于疾病预防、治疗。\r\n产品参数：\r\n产品标准号：Q/GXFCP 0021J\r\n厂名：北京百花蜂业科技发展股份公司 北京航洋健康科技有限公司\r\n厂址：北京市大兴区北京经济技术开发区同济中路7号兴盛工业园3号楼\r\n厂家联系方式：400-650-3801\r\n配料表：蜂胶 聚乙二醇 明胶 甘油\r\n储藏方法：置阴凉干燥处，密封保存\r\n保质期：730 天\r\n食品添加剂：见详情页\r\n产品名称：百花牌蜂胶软胶囊 0.4g/...\r\n产品剂型: 软胶囊\r\n保', '7b6d2869940c45a89d2bf2ccaa0940e9', '  499.00', ' 299.00    ', '（16800', '15091', null, ': 0.00', null, '1043', null, '2695', 'http://detail.tmall.com/item.htm', '2016', '1', '10', '23', '41', '58');
INSERT INTO `b_pro_detail` VALUES ('0980a743049c4643881edc8fac5ff0ff', '【新品首发】中华老字号百花牌坤草蜂蜜(巢本) 原产地:西双版纳-tmall.com天猫', null, '2016-01-10 23:42:04', '产品参数：\r\n生产许可证编号：530126010048\r\n产品标准号：GB14963\r\n厂名：云南中蜂科技开发有限公司\r\n厂址：昆明经开区中豪新册产业城二期H6栋3楼\r\n厂家联系方式：4006503801\r\n配料表：益母草蜂蜜\r\n储藏方法：密封至于阴凉干燥环境中\r\n保质期：540 天\r\n食品添加剂：无\r\n净含量: 480g\r\n包装方式: 包装\r\n商品条形码: 6904546004031\r\n品牌: 百花\r\n系列: 坤草蜂蜜\r\n规格: 480g/瓶\r\n生产方式: 分离蜜\r\n蜂蜜种类: 益母草蜜\r\n产地: 中国', '08048adb1a8c4dedb2e0e21c88928f07', '  198.00', ' 59.00    ', '（174', '55', null, ': 0.00', null, '24', null, '189', 'http://detail.tmall.com/item.htm', '2016', '1', '10', '23', '42', '4');
INSERT INTO `b_pro_detail` VALUES ('5efbd50ac2c6491fbee31809a752b7e1', '百花牌蜂胶软胶囊 0.4g/粒*30-tmall.com天猫', null, '2016-01-10 23:42:11', '商品为国家食品药品监管局批准的 保健食品，本品不能代替药物，不能用于疾病预防、治疗。\r\n产品参数：\r\n产品标准号：Q/GXFCP 0021J\r\n厂名：北京百花蜂业科技发展股份公司 北京航洋健康科技有限公司\r\n厂址：北京市大兴区北京经济技术开发区同济中路7号兴盛工业园3号楼\r\n厂家联系方式：400-650-3801\r\n配料表：蜂胶 聚乙二醇 明胶 甘油\r\n储藏方法：阴凉避光 干燥密封\r\n保质期：730 天\r\n食品添加剂：见详情页\r\n产品名称：百花 百花牌蜂胶软胶囊 0....\r\n产品剂型: 软胶囊\r\n保健食', 'dc54c0961a534e59bac153405b97b05d', '  129.90', ' 49.00    ', '（927', '1246', null, ': 0.00', null, '58', null, '1737', 'http://detail.tmall.com/item.htm', '2016', '1', '10', '23', '42', '11');
INSERT INTO `b_pro_detail` VALUES ('8b4ead8b10f74503935ad9f3efd13908', '中华老字号 百花牌黄芪稀有蜂蜜415g 天然纯净农家自产野生蜂蜜-tmall.com天猫', null, '2016-01-10 23:42:17', '产品参数：\r\n生产许可证编号：111126010033\r\n产品标准号：GB18796\r\n厂名：北京百花蜂蜜有限公司\r\n厂址：北京市房山区长阳镇北广阳城大街8号\r\n厂家联系方式：400-650-3801\r\n配料表：黄芪蜂蜜\r\n储藏方法：置阴凉干燥处，密封保存\r\n保质期：540 天\r\n食品添加剂：无\r\n净含量: 415g\r\n包装方式: 包装\r\n商品条形码: 6904546003171\r\n品牌: 百花\r\n系列: 黄芪蜂蜜1瓶装\r\n规格: 415g\r\n生产方式: 分离蜜\r\n蜂蜜种类: 其他/other\r\n产地: ', '947466769da1424ea2bfa66c3f6dc131', '  59.00', ' 35.00    ', '（426', '835', null, ': 0.00', null, '60', null, '1217', 'http://detail.tmall.com/item.htm', '2016', '1', '10', '23', '42', '17');
INSERT INTO `b_pro_detail` VALUES ('501c70e7e07d452b92d2c0701e5f7fa1', '中华老字号百花牌绿色蜂蜜(巢本) 原产地:燕山丘陵_密云-tmall.com天猫', null, '2016-01-10 23:42:23', '产品参数：\r\n生产许可证编号：111126010033\r\n产品标准号：GB 14963\r\n厂名：北京百花蜂蜜有限公司\r\n厂址：北京市房山区长阳镇北广阳城大街8号\r\n厂家联系方式：400-650-3801\r\n配料表：荆花蜂蜜\r\n储藏方法：置阴凉干燥处，密封保存\r\n保质期：540 天\r\n食品添加剂：无\r\n净含量: 480g\r\n包装方式: 包装\r\n商品条形码: 6904546004185\r\n品牌: 百花\r\n系列: 荆花蜂蜜（绿色食品）\r\n规格: 480g\r\n生产方式: 分离蜜\r\n蜂蜜种类: 白荆条蜜\r\n产地: ', '134a262f51a2437894343722ec392787', '  119.00', ' 59.00    ', '（105', '230', null, ': 0.00', null, '86', null, '148', 'http://detail.tmall.com/item.htm', '2016', '1', '10', '23', '42', '23');
INSERT INTO `b_pro_detail` VALUES ('f9ce324a0a254de087ac58f55bb0a9cd', '【预售】老字号百花牌长白雪蜜精美年货礼盒 高端雪蜜 白蜜纯蜂蜜-tmall.com天猫', null, '2016-01-10 23:42:30', '产品参数：\r\n生产许可证编号：QS1111 2601 0033\r\n产品标准号：GB14963\r\n厂名：北京百花蜂蜜有限公司\r\n厂址：北京市房山区长阳镇北广阳城大街8号\r\n厂家联系方式：400-650-3801\r\n配料表：椴树蜂蜜\r\n储藏方法：密封置于阴凉干燥环境中\r\n保质期：540 天\r\n食品添加剂：无\r\n净含量: 1500g\r\n包装方式: 包装\r\n品牌: 百花\r\n系列: 雪蜜礼盒装\r\n规格: 250g/瓶*6瓶\r\n生产方式: 分离蜜\r\n蜂蜜种类: 椴树蜜\r\n产地: 中国大陆\r\n省份: 北京\r\n形状: 液', 'ee06afba4c1d4e30961ffd9635325593', '  359.00', '', '（286', '139', null, ': 0.00', null, '86', null, '144', 'http://detail.tmall.com/item.htm', '2016', '1', '10', '23', '42', '30');
INSERT INTO `b_pro_detail` VALUES ('e60aa3ff3b734a24b153d345b240feb8', '中华老字号 百花牌黄连蜂蜜415g 天然纯净农家自产野生蜂蜜-tmall.com天猫', null, '2016-01-10 23:42:36', '产品参数：\r\n生产许可证编号：111126010033\r\n产品标准号：GB18796\r\n厂名：北京百花蜂蜜有限公司\r\n厂址：北京市房山区长阳镇北广阳城大街8号\r\n厂家联系方式：400-650-3801\r\n配料表：黄连蜂蜜\r\n储藏方法：置阴凉干燥处，密封保存\r\n保质期：540 天\r\n食品添加剂：无\r\n净含量: 415g\r\n包装方式: 包装\r\n商品条形码: 6904546003164\r\n品牌: 百花\r\n系列: 黄连蜂蜜1瓶装\r\n规格: 415g\r\n生产方式: 分离蜜\r\n蜂蜜种类: 其他/other\r\n产地: ', '0511412a2875489b8c8a636530ff4e9a', '  59.00', ' 35.00    ', '（681', '1507', null, ': 0.00', null, '67', null, '500', 'http://detail.tmall.com/item.htm', '2016', '1', '10', '23', '42', '36');
INSERT INTO `b_pro_detail` VALUES ('9ddbf3072af34522b385588679253567', '老字号 百花牌精美蜂蜜礼盒装 过年送礼送甜蜜 高端大牌礼盒装-tmall.com天猫', null, '2016-01-10 23:42:41', '产品参数：\r\n生产许可证编号：111126010033\r\n产品标准号：GB14963\r\n厂名：北京百花蜂蜜有限公司\r\n厂址：北京市房山区长阳镇北广阳城大街8号\r\n厂家联系方式：4006503801\r\n配料表：油菜荆花蜂蜜\r\n储藏方法：密封置于阴凉干燥环境中\r\n保质期：540 天\r\n食品添加剂：无\r\n净含量: 1245g\r\n包装方式: 包装\r\n品牌: 百花\r\n系列: 百花蜂蜜精美礼盒蜂蜜3瓶装\r\n规格: 1245g（415g*3瓶）\r\n生产方式: 分离蜜\r\n蜂蜜种类: 其他/other\r\n产地: 中国大陆\r', 'e7b6ffff231b4505a8c2f62910b10c51', '  199.00', ' 79.00    ', '（283', '255', null, ': 0.00', null, '33', null, '1163', 'http://detail.tmall.com/item.htm', '2016', '1', '10', '23', '42', '41');
INSERT INTO `b_pro_detail` VALUES ('8e6c5f3236e44754b3f8c9284c0a3ca4', '【新品首发】中华老字号百花牌野藿香蜂蜜(巢本) 原产地:云南八宝-tmall.com天猫', null, '2016-01-10 23:42:48', '产品参数：\r\n生产许可证编号：530126010048\r\n产品标准号：GB14963\r\n厂名：云南中蜂科技开发有限公司\r\n厂址：昆明经开区中豪新册产业城二期H6栋3楼\r\n厂家联系方式：4006503801\r\n配料表：野藿香蜂蜜\r\n储藏方法：密封至于阴凉干燥环境中\r\n保质期：540 天\r\n食品添加剂：无\r\n净含量: 580\r\n包装方式: 包装\r\n商品条形码: 6904546003911\r\n品牌: 百花\r\n系列: 野藿香蜜\r\n规格: 580g/瓶\r\n生产方式: 分离蜜\r\n蜂蜜种类: 其他/other\r\n产地:', '3d5707e929ca48f1bc5eacf49fc3a6ad', '  199.00', ' 89.00    ', '（278', '68', null, ': 0.00', null, '38', null, '172', 'http://detail.tmall.com/item.htm', '2016', '1', '10', '23', '42', '48');
INSERT INTO `b_pro_detail` VALUES ('5a95f8c256ed42df8049da99aac94073', '中华老字号百花牌纯天然土蜂蜜 玉龙雪蜜(巢本系列) 原产地:丽江-tmall.com天猫', null, '2016-01-10 23:42:54', '产品参数：\r\n生产许可证编号：530126010048\r\n产品标准号：GB 14963\r\n厂名：北京百花蜂业科技发展股份公司委托云南中蜂科技开发有限公司\r\n厂址：昆明经开区中豪新册产业城二期H6栋3楼\r\n厂家联系方式：400-650-3801\r\n配料表：苕子蜂蜜\r\n储藏方法：密封置于阴凉干燥环境中\r\n保质期：540 天\r\n食品添加剂：无\r\n净含量: 580g\r\n包装方式: 包装\r\n商品条形码: 6904546003898\r\n品牌: 百花\r\n系列: 玉龙雪蜜\r\n规格: 580g\r\n生产方式: 分离蜜\r\n蜂蜜', 'c5365987142c4ffd95ad9d6c1ec1f62f', '  156.00', ' 79.00    ', '（774', '1067', null, ': 0.00', null, '131', null, '169', 'http://detail.tmall.com/item.htm', '2016', '1', '10', '23', '42', '54');
INSERT INTO `b_pro_detail` VALUES ('615493dc8a5e4070b68feb3455ad88b9', '中华老字号 百花牌维西藏蜜580g（巢本) 原产地:云南维西-tmall.com天猫', null, '2016-01-10 23:43:00', '产品参数：\r\n生产许可证编号：530126010048\r\n产品标准号：GB14963\r\n厂名：云南中蜂科技开发有限公司\r\n厂址：昆明经开区中豪新册产业城二期H6栋3楼\r\n厂家联系方式：01067869025\r\n保质期：540 天\r\n食品添加剂：无\r\n净含量: 580g\r\n包装方式: 包装\r\n商品条形码: 6904546003928\r\n品牌: 百花\r\n系列: 维西藏蜜\r\n规格: 580g\r\n生产方式: 分离蜜\r\n蜂蜜种类: 其他/other\r\n产地: 中国大陆\r\n省份: 北京\r\n形状: 液态蜜\r\n采收季节:', 'f97af17b5ef749edafad727251f55dce', '  399.00', ' 98.00    ', '（397', '234', null, ': 0.00', null, '65', null, '153', 'http://detail.tmall.com/item.htm', '2016', '1', '10', '23', '43', '0');
INSERT INTO `b_pro_detail` VALUES ('f3ed26d47ca24283a1027b841f5b3463', '【中华老字号】百花牌天然蜂蜜 3瓶 纯净农家自产野生土蜂蜜-tmall.com天猫', null, '2016-01-10 23:43:06', '产品参数：\r\n生产许可证编号：QS1111 2601 0033\r\n产品标准号：GB14963\r\n厂名：北京百花蜂蜜有限公司\r\n厂址：北京市房山区长阳镇北广阳城大街8号\r\n厂家联系方式：01067869025\r\n配料表：油菜蜂蜜 荆花蜂蜜\r\n储藏方法：密封置于阴凉干燥环境中\r\n保质期：540 天\r\n食品添加剂：无\r\n净含量: 1245\r\n包装方式: 包装\r\n品牌: 百花\r\n系列: 百花蜂蜜3瓶装\r\n规格: 1245G\r\n生产方式: 分离蜜\r\n蜂蜜种类: 百花蜜\r\n产地: 中国大陆\r\n省份: 北京\r\n形状: ', 'db2c2c86715f45e9b5b060156a1a6078', '  159.00', ' 59.90    ', '（34030', '98107', null, ': 0.00', null, '24642', null, '10518', 'http://detail.tmall.com/item.htm', '2016', '1', '10', '23', '43', '6');
INSERT INTO `b_pro_detail` VALUES ('7abfef3707de41a1891a75f1dcbe0b51', '中华老字号 百花牌洋槐/枸杞/百花蜂蜜415g*3瓶 纯蜂蜜-tmall.com天猫', null, '2016-01-10 23:43:13', '产品参数：\r\n生产许可证编号：QS1111 2601 0033\r\n产品标准号：GB14963\r\n厂名：北京百花蜂蜜有限公司\r\n厂址：北京市房山区长阳镇北广阳城大街8号\r\n厂家联系方式：400-650-3801\r\n配料表：见瓶体\r\n储藏方法：密封置于阴凉干燥环境中\r\n保质期：540 天\r\n食品添加剂：无\r\n净含量: 1245g\r\n包装方式: 包装\r\n品牌: 百花\r\n系列: 洋槐/枸杞/多花种蜂蜜套餐\r\n规格: 415g/瓶*3瓶\r\n生产方式: 分离蜜\r\n蜂蜜种类: 其他/other\r\n产地: 中国大陆\r\n省', '9df02d0bd53a4d4d911c7b24c2f1c845', '  199.00', ' 88.00    ', '（2085', '6086', null, ': 0.00', null, '111', null, '1072', 'http://detail.tmall.com/item.htm', '2016', '1', '10', '23', '43', '13');
INSERT INTO `b_pro_detail` VALUES ('e9b3fb04674147578df591ddf141005b', '百花牌蜂王浆 3g/袋*90袋-tmall.com天猫', null, '2016-01-10 23:43:20', '商品为国家食品药品监管局批准的 保健食品，本品不能代替药物，不能用于疾病预防、治疗。\r\n产品参数：\r\n产品标准号：Q/GXFCP 0031J\r\n厂名：北京百花蜂业科技发展股份公司\r\n厂址：北京市大兴区北京经济技术开发区同济中路7号兴盛工业园3号楼\r\n厂家联系方式：400-650-3801\r\n配料表：鲜蜂王浆\r\n储藏方法：零下18度低温保存\r\n保质期：730 天\r\n食品添加剂：见详情页\r\n产品名称：百花牌蜂王浆 3g/袋*90袋\r\n产品剂型: 口服散剂\r\n保健食品产品名称: 百花牌蜂王浆\r\n品牌: 百花\r\n', '3d63cc0698454c1085dbb0f0cbc9131e', '  299.00', ' 169.00    ', '（14877', '10374', null, ': 0.00', null, '225', null, '841', 'http://detail.tmall.com/item.htm', '2016', '1', '10', '23', '43', '20');
INSERT INTO `b_pro_detail` VALUES ('236e094549354c77928fecd6115688b5', '百花牌润通舒蜜炼膏 300g/瓶-tmall.com天猫', null, '2016-01-10 23:43:29', '商品为国家食品药品监管局批准的 保健食品，本品不能代替药物，不能用于疾病预防、治疗。\r\n产品参数：\r\n产品标准号：Q/GXFCP0018J\r\n厂名：北京百花蜂业科技发展股份公司\r\n厂址：北京市北京经济技术开发区同济中路7号3号楼\r\n厂家联系方式：400-650-3801\r\n配料表：蜂蜜、低聚木糖、枸杞子、茯苓、菊花红花、白果、决明子、郁李仁、火麻仁 苏叶 甘草\r\n储藏方法：置常温、干燥处\r\n保质期：720 天\r\n食品添加剂：见详情页\r\n产品名称：百花牌润通舒蜜炼膏 300g/...\r\n产品剂型: 口服液\r', '173d73ff7b4d4ce09be00abe0abda85a', '  138.00', ' 39.00    ', '（614', '695', null, ': 0.00', null, '134', null, '158', 'http://detail.tmall.com/item.htm', '2016', '1', '10', '23', '43', '29');
INSERT INTO `b_pro_detail` VALUES ('e41b689b0e3449538a1ed639be2c500a', '【新品首发】中华老字号百花牌蜂花玛咖豆(巢本) 深山天然原料-tmall.com天猫', null, '2016-01-10 23:43:41', '产品参数：\r\n生产许可证编号：510126010068\r\n产品标准号：Q/CKK0008S\r\n厂名：四川夸克科技发展有限公司\r\n厂址：成都蛟龙工业港双流园区东海路15座\r\n厂家联系方式：400-650-3801\r\n配料表：玛咖粉、破壁油菜蜂花粉、麦芽糊素、微晶纤维素、羟丙基甲基纤维素\r\n储藏方法：阴暗避光、干燥密封\r\n保质期：730 天\r\n食品添加剂：无\r\n具体规格: 0.5g*120粒\r\n产品剂型: 片剂\r\n产地: 中国大陆地区\r\n省份: 北京\r\n保质期: 24个月\r\n包装方式: 包装\r\n品牌: 百花\r', '74b1c588ecf442f3a9d8188aac804ecb', '  198.00', ' 98.00    ', '（54', '44', null, ': 0.00', null, '44', null, '142', 'http://detail.tmall.com/item.htm', '2016', '1', '10', '23', '43', '41');
INSERT INTO `b_pro_detail` VALUES ('6b1ca431244c4c508f4131b7c567767b', '中华老字号百花牌 苹果蜂蜜415g 天然纯净农家自产野生蜂蜜-tmall.com天猫', null, '2016-01-10 23:43:48', '产品参数：\r\n生产许可证编号：111126010033\r\n产品标准号：GB18796\r\n厂名：北京百花蜂蜜有限公司\r\n厂址：北京市房山区长阳镇北广阳城大街8号\r\n厂家联系方式：400-650-3801\r\n配料表：苹果蜂蜜\r\n储藏方法：置阴凉干燥处，密封保存\r\n保质期：540 天\r\n食品添加剂：无\r\n净含量: 415g\r\n包装方式: 包装\r\n商品条形码: 6904546002518\r\n品牌: 百花\r\n系列: 苹果蜂蜜1瓶装\r\n规格: 415g\r\n生产方式: 分离蜜\r\n蜂蜜种类: 其他/other\r\n产地: ', 'b01150bfeeca4e688c761a5bc982901a', '  59.00', ' 35.00    ', '（1043', '1661', null, ': 0.00', null, '83', null, '1475', 'http://detail.tmall.com/item.htm', '2016', '1', '10', '23', '43', '48');
INSERT INTO `b_pro_detail` VALUES ('f573729f5fa94e9daef460b31b1e0c2a', '中华老字号 百花牌枣花蜂蜜415g 天然纯净农家自产野生蜂蜜-tmall.com天猫', null, '2016-01-10 23:43:56', '产品参数：\r\n生产许可证编号：111126010033\r\n产品标准号：GB14963\r\n厂名：北京百花蜂蜜有限公司\r\n厂址：北京市房山区长阳镇北广阳城大街8号\r\n厂家联系方式：400-650-3801\r\n配料表：枣花蜂蜜\r\n储藏方法：置阴凉干燥处，密封保存\r\n保质期：540 天\r\n食品添加剂：无\r\n净含量: 415g\r\n包装方式: 包装\r\n商品条形码: 6904546002655\r\n品牌: 百花\r\n系列: 天然枣花蜂蜜\r\n规格: 415g/瓶\r\n生产方式: 分离蜜\r\n蜂蜜种类: 其他/other\r\n产地:', '920c6afefe124937abb51496f29266f6', '  59.00', ' 35.00    ', '（5298', '7409', null, ': 0.00', null, '441', null, '2096', 'http://detail.tmall.com/item.htm', '2016', '1', '10', '23', '43', '56');
INSERT INTO `b_pro_detail` VALUES ('93904e91fce84b3c877d73346b905412', '中华老字号 百花牌洋槐花蜂蜜415g 纯净天然农家自产土蜂蜜-tmall.com天猫', null, '2016-01-10 23:44:02', '产品参数：\r\n生产许可证编号：QS1111 2601 0033\r\n产品标准号：GB14963\r\n厂名：北京百花蜂蜜有限公司\r\n厂址：北京市房山区长阳镇北广阳城大街8号\r\n厂家联系方式：400-650-3801\r\n配料表：洋槐蜂蜜\r\n储藏方法：置阴凉干燥处，密封保存\r\n保质期：540 天\r\n食品添加剂：无\r\n产品名称：百花 洋槐蜂蜜 415g\r\n净含量: 415g\r\n包装方式: 包装\r\n品牌: 百花\r\n系列: 洋槐蜂蜜\r\n规格: 415g\r\n生产方式: 分离蜜\r\n蜂蜜种类: 刺槐蜜\r\n产地: 中国大陆\r\n省', 'ad69b0d6eab94f87ab77898f932bca83', '  69.00', ' 32.80 25   ', '（6835', '18012', null, ': 0.00', null, '17738', null, '24690', 'http://detail.tmall.com/item.htm', '2016', '1', '10', '23', '44', '2');
INSERT INTO `b_pro_detail` VALUES ('bbb53cec837c4a04a5a472e6c4a84128', '【新品首发】中华老字号百花牌野江花蜂蜜(巢本) 原产地:老挝-tmall.com天猫', null, '2016-01-10 23:44:08', '产品参数：\r\n生产许可证编号：530126010048\r\n产品标准号：GB14963\r\n厂名：云南中蜂科技开发有限公司\r\n厂址：昆明经开区中豪新册产业城二期H6栋3楼\r\n厂家联系方式：4006503801\r\n配料表：野江花蜜\r\n储藏方法：密封置于阴凉干燥环境中\r\n保质期：540 天\r\n食品添加剂：无\r\n净含量: 580g\r\n包装方式: 包装\r\n商品条形码: 6904546003874\r\n品牌: 百花\r\n系列: 野江花蜜\r\n规格: 580g/瓶\r\n生产方式: 分离蜜\r\n蜂蜜种类: 其他/other\r\n产地:', '92e7ee72edd24e5c8d1eb483cdf3b414', '  199.00', ' 79.00    ', '（246', '38', null, ': 0.00', null, '21', null, '152', 'http://detail.tmall.com/item.htm', '2016', '1', '10', '23', '44', '8');
INSERT INTO `b_pro_detail` VALUES ('2ae3336d3f9b491999e99cae97b3a2fb', '中华老字号百花牌五味子蜂蜜415g 天然纯净农家自产野生蜂蜜-tmall.com天猫', null, '2016-01-10 23:44:15', '产品参数：\r\n生产许可证编号：111126010033\r\n产品标准号：GB18796\r\n厂名：北京百花蜂蜜有限公司\r\n厂址：北京市房山区长阳镇北广阳城大街8号\r\n厂家联系方式：400-650-3801\r\n配料表：稀有蜂蜜\r\n储藏方法：置阴凉干燥处，密封保存\r\n保质期：540 天\r\n食品添加剂：纯天然0添加\r\n净含量: 415g\r\n包装方式: 包装\r\n商品条形码: 6904546002525\r\n品牌: 百花\r\n系列: 稀有蜂蜜1瓶装\r\n规格: 415g\r\n生产方式: 分离蜜\r\n蜂蜜种类: 其他/other\r', '882eb43abaf647b6a91853f339e30ae1', '  59.00', ' 35.00    ', '（518', '1489', null, ': 0.00', null, '49', null, '1386', 'http://detail.tmall.com/item.htm', '2016', '1', '10', '23', '44', '15');
INSERT INTO `b_pro_detail` VALUES ('c29b466277e5437c82fadcfe6132db2f', '百花牌蜂胶软胶囊 0.4g/粒*180粒-tmall.com天猫', null, '2016-01-10 23:44:21', '商品为国家食品药品监管局批准的 保健食品，本品不能代替药物，不能用于疾病预防、治疗。\r\n产品参数：\r\n产品标准号：Q/GXFCP 0021J\r\n厂名：北京百花蜂业科技发展股份有限公司\r\n厂址：北京市大兴区北京经济技术开发区同济中路7号兴盛工业园3号楼\r\n厂家联系方式：400-650-3801\r\n配料表：蜂胶 聚乙二醇 明胶 甘油\r\n储藏方法：置阴凉干燥处，密封保存\r\n保质期：720 天\r\n食品添加剂：见详情页\r\n产品名称：百花牌蜂胶软胶囊 0.4g/...\r\n产品剂型: 软胶囊\r\n保健食品产品名称: 百花', '1801013ba6f94543b4f3d4fd0cb324a6', '  799.00', ' 358.00    ', '（62', '33', null, ': 0.00', null, '4', null, '20', 'http://detail.tmall.com/item.htm', '2016', '1', '10', '23', '44', '21');
INSERT INTO `b_pro_detail` VALUES ('0dff931597964abe81edbef83e4d7043', '中华老字号百花牌富硒蜂蜜(巢本) 原产地:恩施-tmall.com天猫', null, '2016-01-10 23:44:33', '产品参数：\r\n生产许可证编号：420126010026\r\n产品标准号：Q/WFZB 0005S\r\n厂名：武汉蜂之宝蜂业有限公司\r\n厂址：湖北省武汉市洪山区李桥农业高科技产业园\r\n厂家联系方式：400-650-3801\r\n配料表：富硒蜜\r\n储藏方法：置阴凉干燥处，密封保存\r\n保质期：540 天\r\n食品添加剂：无\r\n净含量: 480g\r\n包装方式: 包装\r\n商品条形码: 6904546004055\r\n品牌: 百花\r\n系列: 富硒蜂蜜\r\n规格: 480g/瓶\r\n生产方式: 分离蜜\r\n蜂蜜种类: 其他/other', '4895aeb6fadf4e728b6980606c419d1d', '  229.00', ' 109.00    ', '（430', '484', null, ': 0.00', null, '59', null, '141', 'http://detail.tmall.com/item.htm', '2016', '1', '10', '23', '44', '33');
INSERT INTO `b_pro_detail` VALUES ('59473568605346cc9110eee77ae66046', '中华老字号 百花牌特色稀有蜂蜜3瓶 黄连黄芪五味子农家天然蜂蜜-tmall.com天猫', null, '2016-01-10 23:44:39', '产品参数：\r\n生产许可证编号：111126010033\r\n产品标准号：GB18796\r\n厂名：北京百花蜂蜜有限公司\r\n厂址：北京市房山区长阳镇北广阳城大街8号\r\n厂家联系方式：400-650-3801\r\n配料表：黄连蜂蜜黄芪蜂蜜五味子蜂蜜\r\n储藏方法：置阴凉干燥处，密封保存\r\n保质期：540 天\r\n食品添加剂：无\r\n净含量: 1245g\r\n包装方式: 包装\r\n品牌: 百花\r\n系列: 黄连蜜黄芪蜜五味子蜜3瓶装\r\n规格: 415g*3\r\n生产方式: 分离蜜\r\n蜂蜜种类: 其他/other\r\n产地: 中国大陆', 'e495986083854032a605d97c0d0a523f', '  199.00', ' 88.00    ', '（956', '2409', null, ': 0.00', null, '109', null, '872', 'http://detail.tmall.com/item.htm', '2016', '1', '10', '23', '44', '39');
INSERT INTO `b_pro_detail` VALUES ('10f6653f904940bd8af457fe0491d9f4', '中华老字号 百花牌长白山雪蜜35袋 椴树纯蜂蜜 天然结晶蜜-tmall.com天猫', null, '2016-01-10 23:44:45', '产品参数：\r\n生产许可证编号：QS1111 2601 0033\r\n产品标准号：GB14963\r\n厂名：北京百花蜂蜜有限公司\r\n厂址：北京市房山区长阳镇北广阳城大街8号\r\n厂家联系方式：400-650-3801\r\n配料表：椴树蜂蜜\r\n储藏方法：密封置于阴凉干燥环境中\r\n保质期：540 天\r\n食品添加剂：无\r\n净含量: 350g\r\n包装方式: 包装\r\n品牌: 百花\r\n系列: 长白雪蜜罐装袋蜜\r\n规格: 10g/袋*35袋\r\n生产方式: 分离蜜\r\n蜂蜜种类: 其他/other\r\n产地: 中国大陆\r\n省份: 北京', '225c9583c54a4ef8996e70cf8edddb43', '  129.00', ' 39.00    ', '（152', '334', null, ': 0.00', null, '47', null, '243', 'http://detail.tmall.com/item.htm', '2016', '1', '10', '23', '44', '45');
INSERT INTO `b_pro_detail` VALUES ('edc493ba9b9442d0b58e1f1eaf502680', '百花牌洋参王浆片 0.5g/片*64片-tmall.com天猫', null, '2016-01-10 23:44:55', '商品为国家食品药品监管局批准的 保健食品，本品不能代替药物，不能用于疾病预防、治疗。\r\n产品参数：\r\n产品标准号：Q/GXFCP0030J\r\n厂名：北京百花蜂业科技发展股份公司\r\n厂址：北京市大兴区北京经济技术开发区同济中路7号兴盛工业园3号楼\r\n厂家联系方式：400-650-3801\r\n配料表：蜂王浆纯干粉、人参皂甙\r\n储藏方法：置阴凉干燥密封处\r\n保质期：720 天\r\n食品添加剂：见详情页\r\n产品名称：百花牌洋参王浆片 0.5g/...\r\n产品剂型: 片剂\r\n保健食品产品名称: 百花牌洋参王浆片\r\n品', '4dd7dc9bc1db442ead023bb6d3f73065', '  399.00', ' 119.00    ', '（122', '109', null, ': 0.00', null, '2', null, '2', 'http://detail.tmall.com/item.htm', '2016', '1', '10', '23', '44', '55');
INSERT INTO `b_pro_detail` VALUES ('348c89595fb54628b8d826f1348df144', '中华老字号 百花牌枣花蜂蜜415g*3瓶装 天然红枣花纯蜂蜜-tmall.com天猫', null, '2016-01-10 23:45:03', '产品参数：\r\n生产许可证编号：111126010033\r\n产品标准号：GB14963\r\n厂名：北京百花蜂蜜有限公司\r\n厂址：北京市房山区长阳镇北广阳城大街8号\r\n厂家联系方式：400-650-3801\r\n配料表：枣花蜂蜜\r\n储藏方法：置阴凉干燥处，密封保存\r\n保质期：540 天\r\n食品添加剂：无\r\n净含量: 1245g\r\n包装方式: 包装\r\n商品条形码: 6904546002655\r\n品牌: 百花\r\n系列: 枣花蜂蜜3瓶装\r\n规格: 瓶装\r\n生产方式: 分离蜜\r\n蜂蜜种类: 其他/other\r\n产地: 中', 'b3c3c12a264a4a05b1235f8957463a99', '  188.00', ' 88.00    ', '（3365', '5878', null, ': 0.00', null, '256', null, '993', 'http://detail.tmall.com/item.htm', '2016', '1', '10', '23', '45', '3');
INSERT INTO `b_pro_detail` VALUES ('73d4370bd58d4155bf9a6ffa5f5a9e99', '【新品首发】中华老字号百花牌怀香蜂蜜480g(巢本) 原产地:嘉峪关-tmall.com天猫', null, '2016-01-10 23:45:11', '产品参数：\r\n生产许可证编号：111126010033\r\n产品标准号：GB14963\r\n厂名：北京百花蜂蜜有限公司\r\n厂址：北京市房山区长阳镇北广阳城大街8号\r\n厂家联系方式：400-650-3801\r\n配料表：怀香蜜\r\n储藏方法：密封置于阴凉干燥环境中\r\n保质期：540 天\r\n食品添加剂：无\r\n净含量: 480g\r\n包装方式: 包装\r\n商品条形码: 6904546004116\r\n品牌: 百花\r\n系列: 怀香蜜\r\n规格: 480g/瓶\r\n生产方式: 分离蜜\r\n蜂蜜种类: 其他/other\r\n产地: 中国大', '36817972b8474ad4b5d8858ece9ae706', '  188.00', ' 69.00    ', '（138', '27', null, ': 0.00', null, '5', null, '172', 'http://detail.tmall.com/item.htm', '2016', '1', '10', '23', '45', '11');
INSERT INTO `b_pro_detail` VALUES ('e3610a700475498daf779f0d920c98f3', '老字号 百花牌新鲜蜂王浆450g 天然高品质油菜蜂皇浆【顺丰航空】-tmall.com天猫', null, '2016-01-10 23:45:19', '产品参数：\r\n生产许可证编号：QS1124 2601 0005\r\n产品标准号：GB9697\r\n厂名：北京百花蜂业科技发展股份公司\r\n厂址：北京市北京经济技术开发区同济中路7号3号楼\r\n厂家联系方式：400-650-3801\r\n配料表：鲜蜂王浆\r\n储藏方法：零下18℃低温保存\r\n保质期：720 天\r\n食品添加剂：天然0添加\r\n净含量: 450g\r\n包装方式: 包装\r\n品牌: 百花\r\n系列: 百花新鲜王浆\r\n规格: 450g\r\n商品条形码: 6904546004147\r\n蜂王浆种类: 鲜蜂王浆\r\n产地: 中国', 'da6f6963f1664b7981183342a4f84387', '  499.00', ' 199.00    ', '（7757', '8134', null, ': 0.00', null, '1564', null, '1188', 'http://detail.tmall.com/item.htm', '2016', '1', '10', '23', '45', '19');
INSERT INTO `b_pro_detail` VALUES ('1749dea572c441b7800dc2c45ae1da65', '中华老字号百花牌玫瑰蜜酱580g(巢本) 原产地:安宁八街-tmall.com天猫', null, '2016-01-10 23:45:28', '产品参数：\r\n生产许可证编号：530126010048\r\n产品标准号：Q/YZF0001S\r\n厂名：云南中蜂科技开发有限公司\r\n厂址：昆明经开区中豪新册产业城二期H6栋3楼\r\n厂家联系方式：400 650 3801\r\n配料表：蜂蜜、重瓣红玫瑰、果葡糖浆\r\n储藏方法：密封置于阴凉环境中\r\n保质期：365 天\r\n食品添加剂：见详情页\r\n净含量: 580g\r\n包装方式: 包装\r\n商品条形码: 6904546003959\r\n品牌: 百花\r\n系列: 玫瑰蜜酱\r\n规格: 580g\r\n生产方式: 分离蜜\r\n蜂蜜种类: ', '346d7fcd8e9041448d42fa9893642231', '  118.00', ' 68.00    ', '（368', '372', null, ': 0.00', null, '89', null, '116', 'http://detail.tmall.com/item.htm', '2016', '1', '10', '23', '45', '28');
INSERT INTO `b_pro_detail` VALUES ('87ca7dc457c2433284c8ea0026c7299b', '中华老字号 百花牌西西果蜜480g(巢本) 原产地:缅甸-tmall.com天猫', null, '2016-01-10 23:45:39', '产品参数：\r\n生产许可证编号：530126010048\r\n产品标准号：GB 14963\r\n厂名：云南中蜂科技开发有限公司\r\n厂址：昆明经开区中豪新册产业城二期H6栋3楼\r\n厂家联系方式：400-650-3801\r\n配料表：西西果蜂蜜\r\n储藏方法：密封置于阴凉干燥环境中\r\n保质期：540 天\r\n食品添加剂：无\r\n净含量: 480g\r\n包装方式: 包装\r\n商品条形码: 6904546003980\r\n品牌: 百花\r\n系列: 西西果蜜\r\n规格: 480g\r\n生产方式: 分离蜜\r\n蜂蜜种类: 其他/other\r\n产', 'dc355e95419e4bf3a89f2d509e713901', '  138.00', ' 99.00 11   ', '（206', '315', null, ': 0.00', null, '33', null, '761', 'http://detail.tmall.com/item.htm', '2016', '1', '10', '23', '45', '39');
INSERT INTO `b_pro_detail` VALUES ('5b5b7c6dc56445eb9cd661e6e7f76148', '百花牌蜂胶软胶囊 0.4g/粒*90-tmall.com天猫', null, '2016-01-10 23:45:54', '商品为国家食品药品监管局批准的 保健食品，本品不能代替药物，不能用于疾病预防、治疗。\r\n产品参数：\r\n产品标准号：Q/GXFCP0021J\r\n厂名：北京百花蜂业科技发展股份公司\r\n厂址：北京市北京经济技术开发区同济中路7号3号楼\r\n厂家联系方式：4006503801\r\n配料表：蜂胶 聚乙二醇 明胶 甘油\r\n储藏方法：密封置于阴凉干燥环境中\r\n保质期：720 天\r\n食品添加剂：无\r\n产品名称：百花牌蜂胶软胶囊 0.4g/...\r\n产品剂型: 软胶囊\r\n保健食品产品名称: 百花牌蜂胶软胶囊\r\n品牌: 百花\r\n', 'd60714375f9746a381524bbf3b4a54eb', '  316.00', ' 159.00    ', '（82', '72', null, ': 0.00', null, '19', null, '226', 'http://detail.tmall.com/item.htm', '2016', '1', '10', '23', '45', '54');
INSERT INTO `b_pro_detail` VALUES ('729d20019b7f43878337f66d95bad738', '中华老字号百花牌洋槐花蜜枣花百花蜜3瓶 农家野生土蜂蜜-tmall.com天猫', null, '2016-01-10 23:46:06', '产品参数：\r\n生产许可证编号：QS1111 2601 0033\r\n产品标准号：GB14963\r\n厂名：北京百花蜂蜜有限公司\r\n厂址：北京市房山区长阳镇北广阳城大街8号\r\n厂家联系方式：400-650-3801\r\n配料表：见瓶体\r\n储藏方法：密封置于阴凉干燥环境中\r\n保质期：540 天\r\n食品添加剂：无\r\n净含量: 1245g\r\n包装方式: 包装\r\n品牌: 百花\r\n系列: 蜂蜜3瓶装\r\n规格: 1245G\r\n生产方式: 分离蜜\r\n蜂蜜种类: 其他/other\r\n产地: 中国大陆\r\n省份: 北京\r\n形状: 液', 'cbfcbb766b1e4446a4cbe3aa1c98dd00', '  159.00', ' 88.00    ', '（28653', '42434', null, ': 0.00', null, '1231', null, '10565', 'http://detail.tmall.com/item.htm', '2016', '1', '10', '23', '46', '6');
INSERT INTO `b_pro_detail` VALUES ('8a9dbe4a926844a4bfe7dbc39a93de2b', '【新品首发】中华老字号百花牌九龙藤蜂蜜（巢本） 原产地：漓江-tmall.com天猫', null, '2016-01-10 23:46:14', '产品参数：\r\n生产许可证编号：450126010018\r\n产品标准号：GB14963\r\n厂名：南宁市全健蜜蜂养殖场\r\n厂址：南宁市良庆区建源路15号\r\n厂家联系方式：400-650-3801\r\n配料表：九龙藤蜂蜜\r\n储藏方法：密封置于阴凉干燥环境中\r\n保质期：540 天\r\n食品添加剂：无\r\n净含量: 480g\r\n包装方式: 包装\r\n品牌: 百花\r\n系列: 九龙藤蜂蜜（巢本）\r\n规格: 480g/瓶\r\n生产方式: 分离蜜\r\n蜂蜜种类: 其他/other\r\n产地: 中国大陆\r\n省份: 北京\r\n形状: 液态蜜\r', 'c26955e2b30145a6a3488e72ef5188a8', '  199.00', ' 89.00    ', '（79', '34', null, ': 0.00', null, '24', null, '169', 'http://detail.tmall.com/item.htm', '2016', '1', '10', '23', '46', '14');
INSERT INTO `b_pro_detail` VALUES ('b44876d64e174209a970a457b9365b06', '【中华老字号_百花牌长白雪蜜1000g】纯净天然椴树蜂蜜结晶雪蜜-tmall.com天猫', null, '2016-01-10 23:46:21', '产品参数：\r\n生产许可证编号：QS2201 2601 0058\r\n产品标准号：GB14963\r\n厂名：吉林依然蜂业有限公司\r\n厂址：吉林省长春九台经济开发区卡伦工业区北区甲三路\r\n厂家联系方式：4006503801\r\n配料表：椴树蜂蜜\r\n储藏方法：密封置于阴凉干燥环境中\r\n保质期：540 天\r\n食品添加剂：无\r\n净含量: 1000g\r\n包装方式: 包装\r\n商品条形码: 6904546267894\r\n品牌: 百花\r\n系列: 长白雪蜜-椴树蜜\r\n规格: 1千克\r\n生产方式: 分离蜜\r\n蜂蜜种类: 椴树蜜\r\n产', 'a6a1088a2ef84e34a698dc91c97cc9dc', '  198.00', ' 79.50 0   ', '（6656', '13536', null, ': 0.00', null, '1147', null, '342', 'http://detail.tmall.com/item.htm', '2016', '1', '10', '23', '46', '21');
INSERT INTO `b_pro_detail` VALUES ('7833be2ea9774eb78c999c4b57b579fd', '百花 蜂王浆冻干粉胶囊 0.35g/粒*160粒-tmall.com天猫', null, '2016-01-11 23:40:07', '商品为国家食品药品监管局批准的 保健食品，本品不能代替药物，不能用于疾病预防、治疗。\r\n产品参数：\r\n产品标准号：Q/WFZB 0001S\r\n厂名：北京百花蜂业科技发展股份公司\r\n厂址：北京市北京经济技术开发区同济中路7号3号楼\r\n厂家联系方式：400-650-3801\r\n配料表：蜂王浆冻干粉\r\n储藏方法：阴凉干燥处、避免高温\r\n保质期：720 天\r\n食品添加剂：见详情页\r\n产品名称：百花 蜂王浆冻干粉胶囊 0....\r\n产品剂型: 软胶囊\r\n保健食品产品名称: 蜂王浆冻干粉胶囊\r\n品牌: 百花\r\n批准文', 'c74ef797bc994646a8faf2ffb7c2c54a', '  499.00', ' 299.00    ', '（171', '155', null, ': 0.00', null, '23', null, '548', 'http://detail.tmall.com/item.htm', '2016', '1', '11', '23', '40', '7');
INSERT INTO `b_pro_detail` VALUES ('7bdba498b84c4b67856bd4bb4169e58f', '中华老字号 百花牌枸杞蜂蜜415g 天然纯净农家自产野生蜂蜜-tmall.com天猫', null, '2016-01-11 23:40:14', '产品参数：\r\n生产许可证编号：111126010033\r\n产品标准号：GB14963\r\n厂名：北京百花蜂蜜有限公司\r\n厂址：北京市房山区长阳镇北广阳城大街8号\r\n厂家联系方式：400-650-3801\r\n配料表：枸杞蜂蜜\r\n储藏方法：置阴凉干燥处，密封保存\r\n保质期：540 天\r\n食品添加剂：无\r\n净含量: 415g\r\n包装方式: 包装\r\n商品条形码: 6904546002501\r\n品牌: 百花\r\n系列: 枸杞蜜415g\r\n规格: 415g\r\n生产方式: 分离蜜\r\n蜂蜜种类: 枸杞蜜\r\n产地: 中国大陆\r', '50bf1dbbb77545db8e6b291f93a28a54', '  69.00', ' 35.00    ', '（4685', '5756', null, ': 0.00', null, '309', null, '1253', 'http://detail.tmall.com/item.htm', '2016', '1', '11', '23', '40', '14');
INSERT INTO `b_pro_detail` VALUES ('53931517a18d43089c1cbe13d90ec283', '中华老字号百花牌 枸杞/苹果/益母草蜂蜜415g*3瓶-tmall.com天猫', null, '2016-01-11 23:40:19', '产品参数：\r\n生产许可证编号：111126010033\r\n产品标准号：GB18796\r\n厂名：北京百花蜂蜜有限公司\r\n厂址：北京市房山区长阳镇北广阳城大街8号\r\n厂家联系方式：400-650-3801\r\n配料表：枸杞蜂蜜 益母草蜂蜜 苹果蜂蜜\r\n储藏方法：置阴凉干燥处，密封保存\r\n保质期：540 天\r\n食品添加剂：无\r\n净含量: 1245g\r\n包装方式: 包装\r\n品牌: 百花\r\n系列: 蜂蜜3瓶\r\n规格: 1245G\r\n生产方式: 分离蜜\r\n蜂蜜种类: 其他/other\r\n产地: 中国大陆\r\n省份: 北京', '9bf869a66bac4d5c96593aec5bab335a', '  199.00', ' 88.00    ', '（5993', '12288', null, ': 0.00', null, '492', null, '1395', 'http://detail.tmall.com/item.htm', '2016', '1', '11', '23', '40', '19');
INSERT INTO `b_pro_detail` VALUES ('7a057160923447cbaf63a968dd99b792', '百花牌蜂胶液 30ml/瓶*4-tmall.com天猫', null, '2016-01-11 23:40:25', '商品为国家食品药品监管局批准的 保健食品，本品不能代替药物，不能用于疾病预防、治疗。\r\n产品参数：\r\n产品标准号：Q/GXFCP 0017\r\n厂名：北京百花蜂业科技发展股份公司\r\n厂址：北京市北京经济技术开发区同济中路7号楼3号楼\r\n厂家联系方式：400-650-3801\r\n配料表：蜂胶、聚乙二醇400\r\n储藏方法：密封、置于阴凉干燥处\r\n保质期：720 天\r\n食品添加剂：见详情页\r\n产品名称：百花牌蜂胶液 30ml/瓶*4\r\n产品剂型: 口服液\r\n保健食品产品名称: 百花牌蜂胶液\r\n品牌: 百花\r\n批准', 'ca2c37c5454546ffa77e383e0ab148c2', '  399.00', ' 199.00    ', '（226', '380', null, ': 0.00', null, '71', null, '265', 'http://detail.tmall.com/item.htm', '2016', '1', '11', '23', '40', '25');
INSERT INTO `b_pro_detail` VALUES ('41547284f54c4a0da5147cf416d554f5', '老字号 百花牌益母草蜂蜜415g纯蜂蜜 天然纯净农家自产野生蜂蜜-tmall.com天猫', null, '2016-01-11 23:40:31', '产品参数：\r\n生产许可证编号：111126010033\r\n产品标准号：GB14963\r\n厂名：北京百花蜂蜜有限公司\r\n厂址：北京市房山区长阳镇北广阳城大街8号\r\n厂家联系方式：400-650-3801\r\n配料表：益母草蜂蜜\r\n储藏方法：置阴凉干燥处，密封保存\r\n保质期：540 天\r\n食品添加剂：无\r\n净含量: 415g\r\n包装方式: 包装\r\n商品条形码: 6904546002495\r\n品牌: 百花\r\n系列: 益母草蜂蜜\r\n规格: 415g\r\n生产方式: 分离蜜\r\n蜂蜜种类: 益母草蜜\r\n产地: 中国大陆\r', 'ef139bbab1274b70bc035a810b5c82d4', '  59.00', ' 35.00    ', '（3829', '6170', null, ': 0.00', null, '326', null, '2426', 'http://detail.tmall.com/item.htm', '2016', '1', '11', '23', '40', '31');
INSERT INTO `b_pro_detail` VALUES ('e9b2326a7d8e4dda8d78528e3a0e2718', '中华老字号 百花牌天然蜂蜜415g 天然农家自产纯蜂蜜-tmall.com天猫', null, '2016-01-11 23:40:37', '产品参数：\r\n生产许可证编号：111126010033\r\n产品标准号：GB14963\r\n厂名：北京百花蜂蜜有限公司\r\n厂址：北京市房山区长阳镇北广阳城大街8号\r\n厂家联系方式：400-650-3801\r\n配料表：油菜蜂蜜 荆花蜂蜜\r\n储藏方法：置阴凉干燥避光处\r\n保质期：540 天\r\n食品添加剂：无\r\n净含量: 415g\r\n包装方式: 包装\r\n商品条形码: 6904546001689\r\n品牌: 百花\r\n系列: 百花牌天然蜂蜜\r\n规格: 415g\r\n生产方式: 分离蜜\r\n蜂蜜种类: 百花蜜\r\n产地: 中国大', 'ac5caae6877f4ab7897dd2bf09087d3c', '  89.00', ' 29.50    ', '（9844', '30551', null, ': 0.00', null, '1612', null, '22290', 'http://detail.tmall.com/item.htm', '2016', '1', '11', '23', '40', '37');
INSERT INTO `b_pro_detail` VALUES ('ccb143c3d2744e3aa0b7cc62ccc4ed5e', '中华老字号 百花牌枸杞蜂蜜415g*3瓶量贩装 天然纯蜂蜜-tmall.com天猫', null, '2016-01-11 23:40:43', '产品参数：\r\n生产许可证编号：111126010033\r\n产品标准号：GB14963\r\n厂名：北京百花蜂蜜有限公司\r\n厂址：北京市房山区长阳镇北广阳城大街8号\r\n厂家联系方式：400-650-3801\r\n配料表：枸杞蜂蜜\r\n储藏方法：置阴凉干燥处，密封保存\r\n保质期：540 天\r\n食品添加剂：无\r\n产品名称：百花 枸杞蜂蜜3瓶装 1245g\r\n净含量: 415g\r\n包装方式: 包装\r\n品牌: 百花\r\n系列: 枸杞蜂蜜3瓶装\r\n规格: 1245G\r\n生产方式: 分离蜜\r\n蜂蜜种类: 枸杞蜜\r\n产地: 中国大', '1472d39224e6441fbcbcc6d0cb6f652a', '  188.00', ' 88.00    ', '（1472', '3076', null, ': 0.00', null, '165', null, '900', 'http://detail.tmall.com/item.htm', '2016', '1', '11', '23', '40', '43');
INSERT INTO `b_pro_detail` VALUES ('558b20167a4e439f828a8acd9ee3b9d7', '百花牌洋参王浆片 0.5g/片*192片-tmall.com天猫', null, '2016-01-11 23:40:48', '商品为国家食品药品监管局批准的 保健食品，本品不能代替药物，不能用于疾病预防、治疗。\r\n产品参数：\r\n产品标准号：Q/GXFCP0030J\r\n厂名：北京百花蜂业科技发展股份公司\r\n厂址：北京市大兴区北京经济技术开发区同济中路7号兴盛工业园3号楼\r\n厂家联系方式：400-650-3801\r\n配料表：蜂王浆纯干粉、人参皂甙\r\n储藏方法：置阴凉干燥密封处\r\n保质期：720 天\r\n食品添加剂：见详情页\r\n产品名称：百花牌洋参王浆片 0.5g/...\r\n产品剂型: 片剂\r\n保健食品产品名称: 百花牌洋参王浆片\r\n品', '56372604bb2c44d19cc5cef508e6c905', '  599.00', ' 299.90    ', '', '', null, ': 0.00', null, '7', null, '33', 'http://detail.tmall.com/item.htm', '2016', '1', '11', '23', '40', '48');
INSERT INTO `b_pro_detail` VALUES ('966de0e6e5f74b5c8d650f6a662b9a9f', '百花牌蜂胶液 30ml/瓶-tmall.com天猫', null, '2016-01-11 23:40:55', '商品为国家食品药品监管局批准的 保健食品，本品不能代替药物，不能用于疾病预防、治疗。\r\n产品参数：\r\n产品标准号：Q/GXFCP 0017\r\n厂名：北京百花蜂业科技发展股份公司\r\n厂址：北京市北京经济技术开发区同济中路7号楼3号楼\r\n厂家联系方式：400-650-3801\r\n配料表：蜂胶、聚乙二醇400\r\n储藏方法：密封、置于阴凉干燥处\r\n保质期：720 天\r\n食品添加剂：无\r\n产品名称：百花牌蜂胶液 30ml/瓶\r\n产品剂型: 口服液\r\n保健食品产品名称: 百花牌蜂胶液\r\n品牌: 百花\r\n批准文号: 国', '744feeac93e4409b9ca25a85cc000a71', '  150.00', ' 69.00    ', '（162', '220', null, ': 0.00', null, '16', null, '122', 'http://detail.tmall.com/item.htm', '2016', '1', '11', '23', '40', '55');
INSERT INTO `b_pro_detail` VALUES ('a6457d115f564d218faed64c20d9f55a', '中华老字号 百花牌长白雪蜜 高品质椴树蜂蜜250g/瓶 纯蜂蜜-tmall.com天猫', null, '2016-01-11 23:41:01', '产品参数：\r\n生产许可证编号：111126010033\r\n产品标准号：GB14963\r\n厂名：北京百花蜂蜜有限公司\r\n厂址：北京市房山区长阳镇北广阳城大街8号\r\n厂家联系方式：400-650-3801\r\n配料表：椴树蜂蜜\r\n储藏方法：阴凉避光、干燥密闭\r\n保质期：540 天\r\n食品添加剂：无\r\n净含量: 250g\r\n包装方式: 包装\r\n商品条形码: 6904546001931\r\n品牌: 百花\r\n系列: 长白雪蜜250g\r\n规格: 250g/瓶\r\n生产方式: 分离蜜\r\n蜂蜜种类: 椴树蜜\r\n产地: 中国大陆', 'aa20282540d44560a1d4ed1673990307', '  79.00', ' 35.00    ', '（786', '1228', null, ': 0.00', null, '125', null, '1176', 'http://detail.tmall.com/item.htm', '2016', '1', '11', '23', '41', '1');
INSERT INTO `b_pro_detail` VALUES ('52610ea1be73409b9777949de358911f', '中华老字号百花牌洋槐花蜂蜜3瓶 天然农家自产纯野生土蜂蜜-tmall.com天猫', null, '2016-01-11 23:41:07', '产品参数：\r\n生产许可证编号：111126010033\r\n产品标准号：GB14963\r\n厂名：北京百花蜂蜜有限公司\r\n厂址：北京市房山区长阳镇北广阳城大街8号\r\n厂家联系方式：400-650-3801\r\n配料表：洋槐蜂蜜\r\n储藏方法：密封置于阴凉干燥环境中\r\n保质期：540 天\r\n食品添加剂：无\r\n净含量: 1245\r\n包装方式: 包装\r\n品牌: 百花\r\n系列: 洋槐蜂蜜\r\n规格: 3瓶装\r\n生产方式: 分离蜜\r\n蜂蜜种类: 槐花蜜\r\n产地: 中国大陆\r\n省份: 北京\r\n形状: 液态蜜\r\n采收季节: 春季', '3a90571d2dd849c4a8dc9856b7ca9633', '  159.00', ' 88.00    ', '（36378', '72066', null, ': 0.00', null, '2383', null, '3648', 'http://detail.tmall.com/item.htm', '2016', '1', '11', '23', '41', '7');
INSERT INTO `b_pro_detail` VALUES ('8c1df7c499f64aa1a1733f44968685fa', '百花牌蜂胶软胶囊 0.4g/粒*228粒-tmall.com天猫', null, '2016-01-11 23:41:12', '商品为国家食品药品监管局批准的 保健食品，本品不能代替药物，不能用于疾病预防、治疗。\r\n产品参数：\r\n产品标准号：Q/GXFCP 0021J\r\n厂名：北京百花蜂业科技发展股份公司 北京航洋健康科技有限公司\r\n厂址：北京市大兴区北京经济技术开发区同济中路7号兴盛工业园3号楼\r\n厂家联系方式：400-650-3801\r\n配料表：蜂胶 聚乙二醇 明胶 甘油\r\n储藏方法：置阴凉干燥处，密封保存\r\n保质期：730 天\r\n食品添加剂：见详情页\r\n产品名称：百花牌蜂胶软胶囊 0.4g/...\r\n产品剂型: 软胶囊\r\n保', '7b6d2869940c45a89d2bf2ccaa0940e9', '  499.00', ' 299.00    ', '（16801', '15094', null, ': 0.00', null, '936', null, '2681', 'http://detail.tmall.com/item.htm', '2016', '1', '11', '23', '41', '12');
INSERT INTO `b_pro_detail` VALUES ('e10110389e264a84a030c080dc48001e', '【新品首发】中华老字号百花牌坤草蜂蜜(巢本) 原产地:西双版纳-tmall.com天猫', null, '2016-01-11 23:41:18', '产品参数：\r\n生产许可证编号：530126010048\r\n产品标准号：GB14963\r\n厂名：云南中蜂科技开发有限公司\r\n厂址：昆明经开区中豪新册产业城二期H6栋3楼\r\n厂家联系方式：4006503801\r\n配料表：益母草蜂蜜\r\n储藏方法：密封至于阴凉干燥环境中\r\n保质期：540 天\r\n食品添加剂：无\r\n净含量: 480g\r\n包装方式: 包装\r\n商品条形码: 6904546004031\r\n品牌: 百花\r\n系列: 坤草蜂蜜\r\n规格: 480g/瓶\r\n生产方式: 分离蜜\r\n蜂蜜种类: 益母草蜜\r\n产地: 中国', '08048adb1a8c4dedb2e0e21c88928f07', '  198.00', ' 59.00    ', '（174', '55', null, ': 0.00', null, '12', null, '188', 'http://detail.tmall.com/item.htm', '2016', '1', '11', '23', '41', '18');
INSERT INTO `b_pro_detail` VALUES ('48c5d6819e4f4bb99b6a7fdca019ebf0', '百花牌蜂胶软胶囊 0.4g/粒*30-tmall.com天猫', null, '2016-01-11 23:41:24', '商品为国家食品药品监管局批准的 保健食品，本品不能代替药物，不能用于疾病预防、治疗。\r\n产品参数：\r\n产品标准号：Q/GXFCP 0021J\r\n厂名：北京百花蜂业科技发展股份公司 北京航洋健康科技有限公司\r\n厂址：北京市大兴区北京经济技术开发区同济中路7号兴盛工业园3号楼\r\n厂家联系方式：400-650-3801\r\n配料表：蜂胶 聚乙二醇 明胶 甘油\r\n储藏方法：阴凉避光 干燥密封\r\n保质期：730 天\r\n食品添加剂：见详情页\r\n产品名称：百花 百花牌蜂胶软胶囊 0....\r\n产品剂型: 软胶囊\r\n保健食', 'dc54c0961a534e59bac153405b97b05d', '  129.90', ' 49.00    ', '（929', '1246', null, ': 0.00', null, '58', null, '1737', 'http://detail.tmall.com/item.htm', '2016', '1', '11', '23', '41', '24');
INSERT INTO `b_pro_detail` VALUES ('d8de4e0f47aa44e697078c82bae21ca0', '中华老字号 百花牌黄芪稀有蜂蜜415g 天然纯净农家自产野生蜂蜜-tmall.com天猫', null, '2016-01-11 23:41:31', '产品参数：\r\n生产许可证编号：111126010033\r\n产品标准号：GB18796\r\n厂名：北京百花蜂蜜有限公司\r\n厂址：北京市房山区长阳镇北广阳城大街8号\r\n厂家联系方式：400-650-3801\r\n配料表：黄芪蜂蜜\r\n储藏方法：置阴凉干燥处，密封保存\r\n保质期：540 天\r\n食品添加剂：无\r\n净含量: 415g\r\n包装方式: 包装\r\n商品条形码: 6904546003171\r\n品牌: 百花\r\n系列: 黄芪蜂蜜1瓶装\r\n规格: 415g\r\n生产方式: 分离蜜\r\n蜂蜜种类: 其他/other\r\n产地: ', '947466769da1424ea2bfa66c3f6dc131', '  59.00', ' 35.00    ', '（427', '835', null, ': 0.00', null, '59', null, '1216', 'http://detail.tmall.com/item.htm', '2016', '1', '11', '23', '41', '31');
INSERT INTO `b_pro_detail` VALUES ('92bf5e1b1ee9432ab65829d2e3374f4b', '中华老字号百花牌绿色蜂蜜(巢本) 原产地:燕山丘陵_密云-tmall.com天猫', null, '2016-01-11 23:41:36', '产品参数：\r\n生产许可证编号：111126010033\r\n产品标准号：GB 14963\r\n厂名：北京百花蜂蜜有限公司\r\n厂址：北京市房山区长阳镇北广阳城大街8号\r\n厂家联系方式：400-650-3801\r\n配料表：荆花蜂蜜\r\n储藏方法：置阴凉干燥处，密封保存\r\n保质期：540 天\r\n食品添加剂：无\r\n净含量: 480g\r\n包装方式: 包装\r\n商品条形码: 6904546004185\r\n品牌: 百花\r\n系列: 荆花蜂蜜（绿色食品）\r\n规格: 480g\r\n生产方式: 分离蜜\r\n蜂蜜种类: 白荆条蜜\r\n产地: ', '134a262f51a2437894343722ec392787', '  119.00', ' 59.00    ', '（106', '230', null, ': 0.00', null, '86', null, '148', 'http://detail.tmall.com/item.htm', '2016', '1', '11', '23', '41', '36');
INSERT INTO `b_pro_detail` VALUES ('dd819611adb94969bbab6ac358184328', '【预售】老字号百花牌长白雪蜜精美年货礼盒 高端雪蜜 白蜜纯蜂蜜-tmall.com天猫', null, '2016-01-11 23:41:42', '产品参数：\r\n生产许可证编号：QS1111 2601 0033\r\n产品标准号：GB14963\r\n厂名：北京百花蜂蜜有限公司\r\n厂址：北京市房山区长阳镇北广阳城大街8号\r\n厂家联系方式：400-650-3801\r\n配料表：椴树蜂蜜\r\n储藏方法：密封置于阴凉干燥环境中\r\n保质期：540 天\r\n食品添加剂：无\r\n净含量: 1500g\r\n包装方式: 包装\r\n品牌: 百花\r\n系列: 雪蜜礼盒装\r\n规格: 250g/瓶*6瓶\r\n生产方式: 分离蜜\r\n蜂蜜种类: 椴树蜜\r\n产地: 中国大陆\r\n省份: 北京\r\n形状: 液', 'ee06afba4c1d4e30961ffd9635325593', '  359.00', '', '（291', '139', null, ': 0.00', null, '94', null, '133', 'http://detail.tmall.com/item.htm', '2016', '1', '11', '23', '41', '42');
INSERT INTO `b_pro_detail` VALUES ('d9e96359d8e644f79dbd5e1b5d077bfe', '中华老字号 百花牌黄连蜂蜜415g 天然纯净农家自产野生蜂蜜-tmall.com天猫', null, '2016-01-11 23:41:48', '产品参数：\r\n生产许可证编号：111126010033\r\n产品标准号：GB18796\r\n厂名：北京百花蜂蜜有限公司\r\n厂址：北京市房山区长阳镇北广阳城大街8号\r\n厂家联系方式：400-650-3801\r\n配料表：黄连蜂蜜\r\n储藏方法：置阴凉干燥处，密封保存\r\n保质期：540 天\r\n食品添加剂：无\r\n净含量: 415g\r\n包装方式: 包装\r\n商品条形码: 6904546003164\r\n品牌: 百花\r\n系列: 黄连蜂蜜1瓶装\r\n规格: 415g\r\n生产方式: 分离蜜\r\n蜂蜜种类: 其他/other\r\n产地: ', '0511412a2875489b8c8a636530ff4e9a', '  59.00', ' 35.00    ', '（681', '1507', null, ': 0.00', null, '66', null, '499', 'http://detail.tmall.com/item.htm', '2016', '1', '11', '23', '41', '48');
INSERT INTO `b_pro_detail` VALUES ('f9ab70766a6f44ff918742163f571f53', '老字号 百花牌精美蜂蜜礼盒装 过年送礼送甜蜜 高端大牌礼盒装-tmall.com天猫', null, '2016-01-11 23:41:55', '产品参数：\r\n生产许可证编号：111126010033\r\n产品标准号：GB14963\r\n厂名：北京百花蜂蜜有限公司\r\n厂址：北京市房山区长阳镇北广阳城大街8号\r\n厂家联系方式：4006503801\r\n配料表：油菜荆花蜂蜜\r\n储藏方法：密封置于阴凉干燥环境中\r\n保质期：540 天\r\n食品添加剂：无\r\n净含量: 1245g\r\n包装方式: 包装\r\n品牌: 百花\r\n系列: 百花蜂蜜精美礼盒蜂蜜3瓶装\r\n规格: 1245g（415g*3瓶）\r\n生产方式: 分离蜜\r\n蜂蜜种类: 其他/other\r\n产地: 中国大陆\r', 'e7b6ffff231b4505a8c2f62910b10c51', '  199.00', ' 79.00    ', '（285', '255', null, ': 0.00', null, '33', null, '1160', 'http://detail.tmall.com/item.htm', '2016', '1', '11', '23', '41', '55');
INSERT INTO `b_pro_detail` VALUES ('195f37ea818b426c95912f879d17918a', '【新品首发】中华老字号百花牌野藿香蜂蜜(巢本) 原产地:云南八宝-tmall.com天猫', null, '2016-01-11 23:42:01', '产品参数：\r\n生产许可证编号：530126010048\r\n产品标准号：GB14963\r\n厂名：云南中蜂科技开发有限公司\r\n厂址：昆明经开区中豪新册产业城二期H6栋3楼\r\n厂家联系方式：4006503801\r\n配料表：野藿香蜂蜜\r\n储藏方法：密封至于阴凉干燥环境中\r\n保质期：540 天\r\n食品添加剂：无\r\n净含量: 580\r\n包装方式: 包装\r\n商品条形码: 6904546003911\r\n品牌: 百花\r\n系列: 野藿香蜜\r\n规格: 580g/瓶\r\n生产方式: 分离蜜\r\n蜂蜜种类: 其他/other\r\n产地:', '3d5707e929ca48f1bc5eacf49fc3a6ad', '  199.00', ' 89.00    ', '（277', '68', null, ': 0.00', null, '26', null, '172', 'http://detail.tmall.com/item.htm', '2016', '1', '11', '23', '42', '1');
INSERT INTO `b_pro_detail` VALUES ('d0a4235007d749918513949a31e04976', '中华老字号百花牌纯天然土蜂蜜 玉龙雪蜜(巢本系列) 原产地:丽江-tmall.com天猫', null, '2016-01-11 23:42:07', '产品参数：\r\n生产许可证编号：530126010048\r\n产品标准号：GB 14963\r\n厂名：北京百花蜂业科技发展股份公司委托云南中蜂科技开发有限公司\r\n厂址：昆明经开区中豪新册产业城二期H6栋3楼\r\n厂家联系方式：400-650-3801\r\n配料表：苕子蜂蜜\r\n储藏方法：密封置于阴凉干燥环境中\r\n保质期：540 天\r\n食品添加剂：无\r\n净含量: 580g\r\n包装方式: 包装\r\n商品条形码: 6904546003898\r\n品牌: 百花\r\n系列: 玉龙雪蜜\r\n规格: 580g\r\n生产方式: 分离蜜\r\n蜂蜜', 'c5365987142c4ffd95ad9d6c1ec1f62f', '  156.00', ' 79.00    ', '（773', '1068', null, ': 0.00', null, '124', null, '167', 'http://detail.tmall.com/item.htm', '2016', '1', '11', '23', '42', '7');
INSERT INTO `b_pro_detail` VALUES ('f7417ebb81f04632a3ad101adbe4277b', '中华老字号 百花牌维西藏蜜580g（巢本) 原产地:云南维西-tmall.com天猫', null, '2016-01-11 23:42:12', '产品参数：\r\n生产许可证编号：530126010048\r\n产品标准号：GB14963\r\n厂名：云南中蜂科技开发有限公司\r\n厂址：昆明经开区中豪新册产业城二期H6栋3楼\r\n厂家联系方式：01067869025\r\n保质期：540 天\r\n食品添加剂：无\r\n净含量: 580g\r\n包装方式: 包装\r\n商品条形码: 6904546003928\r\n品牌: 百花\r\n系列: 维西藏蜜\r\n规格: 580g\r\n生产方式: 分离蜜\r\n蜂蜜种类: 其他/other\r\n产地: 中国大陆\r\n省份: 北京\r\n形状: 液态蜜\r\n采收季节:', 'f97af17b5ef749edafad727251f55dce', '  399.00', ' 98.00    ', '（397', '234', null, ': 0.00', null, '65', null, '153', 'http://detail.tmall.com/item.htm', '2016', '1', '11', '23', '42', '12');
INSERT INTO `b_pro_detail` VALUES ('ae69d8a5f66048fca28be8dd6691a217', '【中华老字号】百花牌天然蜂蜜 3瓶 纯净农家自产野生土蜂蜜-tmall.com天猫', null, '2016-01-11 23:42:18', '产品参数：\r\n生产许可证编号：QS1111 2601 0033\r\n产品标准号：GB14963\r\n厂名：北京百花蜂蜜有限公司\r\n厂址：北京市房山区长阳镇北广阳城大街8号\r\n厂家联系方式：01067869025\r\n配料表：油菜蜂蜜 荆花蜂蜜\r\n储藏方法：密封置于阴凉干燥环境中\r\n保质期：540 天\r\n食品添加剂：无\r\n净含量: 1245\r\n包装方式: 包装\r\n品牌: 百花\r\n系列: 百花蜂蜜3瓶装\r\n规格: 1245G\r\n生产方式: 分离蜜\r\n蜂蜜种类: 百花蜜\r\n产地: 中国大陆\r\n省份: 北京\r\n形状: ', 'db2c2c86715f45e9b5b060156a1a6078', '  159.00', ' 59.90    ', '（34032', '98189', null, ': 0.00', null, '24721', null, '10460', 'http://detail.tmall.com/item.htm', '2016', '1', '11', '23', '42', '18');
INSERT INTO `b_pro_detail` VALUES ('b5f2f18b92214956b3669fe6af3d57bc', '中华老字号 百花牌洋槐/枸杞/百花蜂蜜415g*3瓶 纯蜂蜜-tmall.com天猫', null, '2016-01-11 23:42:24', '产品参数：\r\n生产许可证编号：QS1111 2601 0033\r\n产品标准号：GB14963\r\n厂名：北京百花蜂蜜有限公司\r\n厂址：北京市房山区长阳镇北广阳城大街8号\r\n厂家联系方式：400-650-3801\r\n配料表：见瓶体\r\n储藏方法：密封置于阴凉干燥环境中\r\n保质期：540 天\r\n食品添加剂：无\r\n净含量: 1245g\r\n包装方式: 包装\r\n品牌: 百花\r\n系列: 洋槐/枸杞/多花种蜂蜜套餐\r\n规格: 415g/瓶*3瓶\r\n生产方式: 分离蜜\r\n蜂蜜种类: 其他/other\r\n产地: 中国大陆\r\n省', '9df02d0bd53a4d4d911c7b24c2f1c845', '  199.00', ' 88.00    ', '（2085', '6087', null, ': 0.00', null, '110', null, '1070', 'http://detail.tmall.com/item.htm', '2016', '1', '11', '23', '42', '24');
INSERT INTO `b_pro_detail` VALUES ('1337aa69d83046509c00571c9fbb099c', '百花牌蜂王浆 3g/袋*90袋-tmall.com天猫', null, '2016-01-11 23:42:30', '商品为国家食品药品监管局批准的 保健食品，本品不能代替药物，不能用于疾病预防、治疗。\r\n产品参数：\r\n产品标准号：Q/GXFCP 0031J\r\n厂名：北京百花蜂业科技发展股份公司\r\n厂址：北京市大兴区北京经济技术开发区同济中路7号兴盛工业园3号楼\r\n厂家联系方式：400-650-3801\r\n配料表：鲜蜂王浆\r\n储藏方法：零下18度低温保存\r\n保质期：730 天\r\n食品添加剂：见详情页\r\n产品名称：百花牌蜂王浆 3g/袋*90袋\r\n产品剂型: 口服散剂\r\n保健食品产品名称: 百花牌蜂王浆\r\n品牌: 百花\r\n', '3d63cc0698454c1085dbb0f0cbc9131e', '  299.00', ' 169.00    ', '（14875', '10374', null, ': 0.00', null, '211', null, '840', 'http://detail.tmall.com/item.htm', '2016', '1', '11', '23', '42', '30');
INSERT INTO `b_pro_detail` VALUES ('4be3e053e31047f89b163a1bc83233da', '百花牌润通舒蜜炼膏 300g/瓶-tmall.com天猫', null, '2016-01-11 23:42:36', '商品为国家食品药品监管局批准的 保健食品，本品不能代替药物，不能用于疾病预防、治疗。\r\n产品参数：\r\n产品标准号：Q/GXFCP0018J\r\n厂名：北京百花蜂业科技发展股份公司\r\n厂址：北京市北京经济技术开发区同济中路7号3号楼\r\n厂家联系方式：400-650-3801\r\n配料表：蜂蜜、低聚木糖、枸杞子、茯苓、菊花红花、白果、决明子、郁李仁、火麻仁 苏叶 甘草\r\n储藏方法：置常温、干燥处\r\n保质期：720 天\r\n食品添加剂：见详情页\r\n产品名称：百花牌润通舒蜜炼膏 300g/...\r\n产品剂型: 口服液\r', '173d73ff7b4d4ce09be00abe0abda85a', '  138.00', ' 39.00    ', '（615', '696', null, ': 0.00', null, '135', null, '153', 'http://detail.tmall.com/item.htm', '2016', '1', '11', '23', '42', '36');
INSERT INTO `b_pro_detail` VALUES ('d70a6204bf1f44219207cb2fea2a1bd4', '【新品首发】中华老字号百花牌蜂花玛咖豆(巢本) 深山天然原料-tmall.com天猫', null, '2016-01-11 23:42:42', '产品参数：\r\n生产许可证编号：510126010068\r\n产品标准号：Q/CKK0008S\r\n厂名：四川夸克科技发展有限公司\r\n厂址：成都蛟龙工业港双流园区东海路15座\r\n厂家联系方式：400-650-3801\r\n配料表：玛咖粉、破壁油菜蜂花粉、麦芽糊素、微晶纤维素、羟丙基甲基纤维素\r\n储藏方法：阴暗避光、干燥密封\r\n保质期：730 天\r\n食品添加剂：无\r\n具体规格: 0.5g*120粒\r\n产品剂型: 片剂\r\n产地: 中国大陆地区\r\n省份: 北京\r\n保质期: 24个月\r\n包装方式: 包装\r\n品牌: 百花\r', '74b1c588ecf442f3a9d8188aac804ecb', '  198.00', ' 98.00    ', '（54', '44', null, ': 0.00', null, '44', null, '142', 'http://detail.tmall.com/item.htm', '2016', '1', '11', '23', '42', '42');
INSERT INTO `b_pro_detail` VALUES ('570c569ce12d44a6b3e121081ab95e7e', '中华老字号百花牌 苹果蜂蜜415g 天然纯净农家自产野生蜂蜜-tmall.com天猫', null, '2016-01-11 23:42:48', '产品参数：\r\n生产许可证编号：111126010033\r\n产品标准号：GB18796\r\n厂名：北京百花蜂蜜有限公司\r\n厂址：北京市房山区长阳镇北广阳城大街8号\r\n厂家联系方式：400-650-3801\r\n配料表：苹果蜂蜜\r\n储藏方法：置阴凉干燥处，密封保存\r\n保质期：540 天\r\n食品添加剂：无\r\n净含量: 415g\r\n包装方式: 包装\r\n商品条形码: 6904546002518\r\n品牌: 百花\r\n系列: 苹果蜂蜜1瓶装\r\n规格: 415g\r\n生产方式: 分离蜜\r\n蜂蜜种类: 其他/other\r\n产地: ', 'b01150bfeeca4e688c761a5bc982901a', '  59.00', ' 35.00    ', '（1043', '1661', null, ': 0.00', null, '80', null, '1475', 'http://detail.tmall.com/item.htm', '2016', '1', '11', '23', '42', '48');
INSERT INTO `b_pro_detail` VALUES ('bc3a18b02df844689699fa74bfae881c', '中华老字号 百花牌枣花蜂蜜415g 天然纯净农家自产野生蜂蜜-tmall.com天猫', null, '2016-01-11 23:42:54', '产品参数：\r\n生产许可证编号：111126010033\r\n产品标准号：GB14963\r\n厂名：北京百花蜂蜜有限公司\r\n厂址：北京市房山区长阳镇北广阳城大街8号\r\n厂家联系方式：400-650-3801\r\n配料表：枣花蜂蜜\r\n储藏方法：置阴凉干燥处，密封保存\r\n保质期：540 天\r\n食品添加剂：无\r\n净含量: 415g\r\n包装方式: 包装\r\n商品条形码: 6904546002655\r\n品牌: 百花\r\n系列: 天然枣花蜂蜜\r\n规格: 415g/瓶\r\n生产方式: 分离蜜\r\n蜂蜜种类: 其他/other\r\n产地:', '920c6afefe124937abb51496f29266f6', '  59.00', ' 35.00    ', '（5299', '7409', null, ': 0.00', null, '432', null, '2095', 'http://detail.tmall.com/item.htm', '2016', '1', '11', '23', '42', '54');
INSERT INTO `b_pro_detail` VALUES ('43b6d51e3dd04654aa183f09cd2b2787', '中华老字号 百花牌洋槐花蜂蜜415g 纯净天然农家自产土蜂蜜-tmall.com天猫', null, '2016-01-11 23:43:00', '产品参数：\r\n生产许可证编号：QS1111 2601 0033\r\n产品标准号：GB14963\r\n厂名：北京百花蜂蜜有限公司\r\n厂址：北京市房山区长阳镇北广阳城大街8号\r\n厂家联系方式：400-650-3801\r\n配料表：洋槐蜂蜜\r\n储藏方法：置阴凉干燥处，密封保存\r\n保质期：540 天\r\n食品添加剂：无\r\n产品名称：百花 洋槐蜂蜜 415g\r\n净含量: 415g\r\n包装方式: 包装\r\n品牌: 百花\r\n系列: 洋槐蜂蜜\r\n规格: 415g\r\n生产方式: 分离蜜\r\n蜂蜜种类: 刺槐蜜\r\n产地: 中国大陆\r\n省', 'ad69b0d6eab94f87ab77898f932bca83', '  69.00', ' 32.80 25   ', '（6849', '18239', null, ': 0.00', null, '17756', null, '24639', 'http://detail.tmall.com/item.htm', '2016', '1', '11', '23', '43', '0');
INSERT INTO `b_pro_detail` VALUES ('52bb896ca4b04f578fd94ecfa16e8151', '【新品首发】中华老字号百花牌野江花蜂蜜(巢本) 原产地:老挝-tmall.com天猫', null, '2016-01-11 23:43:06', '产品参数：\r\n生产许可证编号：530126010048\r\n产品标准号：GB14963\r\n厂名：云南中蜂科技开发有限公司\r\n厂址：昆明经开区中豪新册产业城二期H6栋3楼\r\n厂家联系方式：4006503801\r\n配料表：野江花蜜\r\n储藏方法：密封置于阴凉干燥环境中\r\n保质期：540 天\r\n食品添加剂：无\r\n净含量: 580g\r\n包装方式: 包装\r\n商品条形码: 6904546003874\r\n品牌: 百花\r\n系列: 野江花蜜\r\n规格: 580g/瓶\r\n生产方式: 分离蜜\r\n蜂蜜种类: 其他/other\r\n产地:', '92e7ee72edd24e5c8d1eb483cdf3b414', '  199.00', ' 79.00    ', '（246', '39', null, ': 0.00', null, '23', null, '152', 'http://detail.tmall.com/item.htm', '2016', '1', '11', '23', '43', '6');
INSERT INTO `b_pro_detail` VALUES ('6a78ecdc2ef24093ad8079c46fc87dc7', '中华老字号百花牌五味子蜂蜜415g 天然纯净农家自产野生蜂蜜-tmall.com天猫', null, '2016-01-11 23:43:12', '产品参数：\r\n生产许可证编号：111126010033\r\n产品标准号：GB18796\r\n厂名：北京百花蜂蜜有限公司\r\n厂址：北京市房山区长阳镇北广阳城大街8号\r\n厂家联系方式：400-650-3801\r\n配料表：稀有蜂蜜\r\n储藏方法：置阴凉干燥处，密封保存\r\n保质期：540 天\r\n食品添加剂：纯天然0添加\r\n净含量: 415g\r\n包装方式: 包装\r\n商品条形码: 6904546002525\r\n品牌: 百花\r\n系列: 稀有蜂蜜1瓶装\r\n规格: 415g\r\n生产方式: 分离蜜\r\n蜂蜜种类: 其他/other\r', '882eb43abaf647b6a91853f339e30ae1', '  59.00', ' 35.00    ', '（518', '1489', null, ': 0.00', null, '49', null, '1385', 'http://detail.tmall.com/item.htm', '2016', '1', '11', '23', '43', '12');
INSERT INTO `b_pro_detail` VALUES ('5c920cde9e564f21b659116ee6b0212f', '百花牌蜂胶软胶囊 0.4g/粒*180粒-tmall.com天猫', null, '2016-01-11 23:43:18', '商品为国家食品药品监管局批准的 保健食品，本品不能代替药物，不能用于疾病预防、治疗。\r\n产品参数：\r\n产品标准号：Q/GXFCP 0021J\r\n厂名：北京百花蜂业科技发展股份有限公司\r\n厂址：北京市大兴区北京经济技术开发区同济中路7号兴盛工业园3号楼\r\n厂家联系方式：400-650-3801\r\n配料表：蜂胶 聚乙二醇 明胶 甘油\r\n储藏方法：置阴凉干燥处，密封保存\r\n保质期：720 天\r\n食品添加剂：见详情页\r\n产品名称：百花牌蜂胶软胶囊 0.4g/...\r\n产品剂型: 软胶囊\r\n保健食品产品名称: 百花', '1801013ba6f94543b4f3d4fd0cb324a6', '  799.00', ' 358.00    ', '（62', '33', null, ': 0.00', null, '4', null, '20', 'http://detail.tmall.com/item.htm', '2016', '1', '11', '23', '43', '18');
INSERT INTO `b_pro_detail` VALUES ('c364ad2b46a64dadab3fd7224e4c8434', '中华老字号百花牌富硒蜂蜜(巢本) 原产地:恩施-tmall.com天猫', null, '2016-01-11 23:43:25', '产品参数：\r\n生产许可证编号：420126010026\r\n产品标准号：Q/WFZB 0005S\r\n厂名：武汉蜂之宝蜂业有限公司\r\n厂址：湖北省武汉市洪山区李桥农业高科技产业园\r\n厂家联系方式：400-650-3801\r\n配料表：富硒蜜\r\n储藏方法：置阴凉干燥处，密封保存\r\n保质期：540 天\r\n食品添加剂：无\r\n净含量: 480g\r\n包装方式: 包装\r\n商品条形码: 6904546004055\r\n品牌: 百花\r\n系列: 富硒蜂蜜\r\n规格: 480g/瓶\r\n生产方式: 分离蜜\r\n蜂蜜种类: 其他/other', '4895aeb6fadf4e728b6980606c419d1d', '  229.00', ' 109.00    ', '（431', '485', null, ': 0.00', null, '59', null, '141', 'http://detail.tmall.com/item.htm', '2016', '1', '11', '23', '43', '25');
INSERT INTO `b_pro_detail` VALUES ('0e077fa979ac4342bea75904b699d680', '中华老字号 百花牌特色稀有蜂蜜3瓶 黄连黄芪五味子农家天然蜂蜜-tmall.com天猫', null, '2016-01-11 23:43:31', '产品参数：\r\n生产许可证编号：111126010033\r\n产品标准号：GB18796\r\n厂名：北京百花蜂蜜有限公司\r\n厂址：北京市房山区长阳镇北广阳城大街8号\r\n厂家联系方式：400-650-3801\r\n配料表：黄连蜂蜜黄芪蜂蜜五味子蜂蜜\r\n储藏方法：置阴凉干燥处，密封保存\r\n保质期：540 天\r\n食品添加剂：无\r\n净含量: 1245g\r\n包装方式: 包装\r\n品牌: 百花\r\n系列: 黄连蜜黄芪蜜五味子蜜3瓶装\r\n规格: 415g*3\r\n生产方式: 分离蜜\r\n蜂蜜种类: 其他/other\r\n产地: 中国大陆', 'e495986083854032a605d97c0d0a523f', '  199.00', ' 88.00    ', '（955', '2410', null, ': 0.00', null, '96', null, '870', 'http://detail.tmall.com/item.htm', '2016', '1', '11', '23', '43', '31');
INSERT INTO `b_pro_detail` VALUES ('288b5efb8a6e4e94a8378ee380d74ef4', '中华老字号 百花牌长白山雪蜜35袋 椴树纯蜂蜜 天然结晶蜜-tmall.com天猫', null, '2016-01-11 23:43:37', '产品参数：\r\n生产许可证编号：QS1111 2601 0033\r\n产品标准号：GB14963\r\n厂名：北京百花蜂蜜有限公司\r\n厂址：北京市房山区长阳镇北广阳城大街8号\r\n厂家联系方式：400-650-3801\r\n配料表：椴树蜂蜜\r\n储藏方法：密封置于阴凉干燥环境中\r\n保质期：540 天\r\n食品添加剂：无\r\n净含量: 350g\r\n包装方式: 包装\r\n品牌: 百花\r\n系列: 长白雪蜜罐装袋蜜\r\n规格: 10g/袋*35袋\r\n生产方式: 分离蜜\r\n蜂蜜种类: 其他/other\r\n产地: 中国大陆\r\n省份: 北京', '225c9583c54a4ef8996e70cf8edddb43', '  129.00', ' 39.00    ', '（151', '334', null, ': 0.00', null, '44', null, '243', 'http://detail.tmall.com/item.htm', '2016', '1', '11', '23', '43', '37');
INSERT INTO `b_pro_detail` VALUES ('6454d1f7f66b4c79a29a0223b501d6de', '百花牌洋参王浆片 0.5g/片*64片-tmall.com天猫', null, '2016-01-11 23:43:43', '商品为国家食品药品监管局批准的 保健食品，本品不能代替药物，不能用于疾病预防、治疗。\r\n产品参数：\r\n产品标准号：Q/GXFCP0030J\r\n厂名：北京百花蜂业科技发展股份公司\r\n厂址：北京市大兴区北京经济技术开发区同济中路7号兴盛工业园3号楼\r\n厂家联系方式：400-650-3801\r\n配料表：蜂王浆纯干粉、人参皂甙\r\n储藏方法：置阴凉干燥密封处\r\n保质期：720 天\r\n食品添加剂：见详情页\r\n产品名称：百花牌洋参王浆片 0.5g/...\r\n产品剂型: 片剂\r\n保健食品产品名称: 百花牌洋参王浆片\r\n品', '4dd7dc9bc1db442ead023bb6d3f73065', '  399.00', ' 119.00    ', '（122', '109', null, ': 0.00', null, '2', null, '2', 'http://detail.tmall.com/item.htm', '2016', '1', '11', '23', '43', '43');
INSERT INTO `b_pro_detail` VALUES ('d3c9af2b6dd64a9b9454b7951014061c', '中华老字号 百花牌枣花蜂蜜415g*3瓶装 天然红枣花纯蜂蜜-tmall.com天猫', null, '2016-01-11 23:43:49', '产品参数：\r\n生产许可证编号：111126010033\r\n产品标准号：GB14963\r\n厂名：北京百花蜂蜜有限公司\r\n厂址：北京市房山区长阳镇北广阳城大街8号\r\n厂家联系方式：400-650-3801\r\n配料表：枣花蜂蜜\r\n储藏方法：置阴凉干燥处，密封保存\r\n保质期：540 天\r\n食品添加剂：无\r\n净含量: 1245g\r\n包装方式: 包装\r\n商品条形码: 6904546002655\r\n品牌: 百花\r\n系列: 枣花蜂蜜3瓶装\r\n规格: 瓶装\r\n生产方式: 分离蜜\r\n蜂蜜种类: 其他/other\r\n产地: 中', 'b3c3c12a264a4a05b1235f8957463a99', '  188.00', ' 88.00    ', '（3366', '5878', null, ': 0.00', null, '250', null, '989', 'http://detail.tmall.com/item.htm', '2016', '1', '11', '23', '43', '49');
INSERT INTO `b_pro_detail` VALUES ('b811e20d1f5b4c49a4437a0e3545a62b', '【新品首发】中华老字号百花牌怀香蜂蜜480g(巢本) 原产地:嘉峪关-tmall.com天猫', null, '2016-01-11 23:43:55', '产品参数：\r\n生产许可证编号：111126010033\r\n产品标准号：GB14963\r\n厂名：北京百花蜂蜜有限公司\r\n厂址：北京市房山区长阳镇北广阳城大街8号\r\n厂家联系方式：400-650-3801\r\n配料表：怀香蜜\r\n储藏方法：密封置于阴凉干燥环境中\r\n保质期：540 天\r\n食品添加剂：无\r\n净含量: 480g\r\n包装方式: 包装\r\n商品条形码: 6904546004116\r\n品牌: 百花\r\n系列: 怀香蜜\r\n规格: 480g/瓶\r\n生产方式: 分离蜜\r\n蜂蜜种类: 其他/other\r\n产地: 中国大', '36817972b8474ad4b5d8858ece9ae706', '  188.00', ' 69.00    ', '（140', '27', null, ': 0.00', null, '5', null, '172', 'http://detail.tmall.com/item.htm', '2016', '1', '11', '23', '43', '55');
INSERT INTO `b_pro_detail` VALUES ('bb8670cf49e04abfadf15dc3e1d52e48', '老字号 百花牌新鲜蜂王浆450g 天然高品质油菜蜂皇浆【顺丰航空】-tmall.com天猫', null, '2016-01-11 23:44:01', '产品参数：\r\n生产许可证编号：QS1124 2601 0005\r\n产品标准号：GB9697\r\n厂名：北京百花蜂业科技发展股份公司\r\n厂址：北京市北京经济技术开发区同济中路7号3号楼\r\n厂家联系方式：400-650-3801\r\n配料表：鲜蜂王浆\r\n储藏方法：零下18℃低温保存\r\n保质期：720 天\r\n食品添加剂：天然0添加\r\n净含量: 450g\r\n包装方式: 包装\r\n品牌: 百花\r\n系列: 百花新鲜王浆\r\n规格: 450g\r\n商品条形码: 6904546004147\r\n蜂王浆种类: 鲜蜂王浆\r\n产地: 中国', 'da6f6963f1664b7981183342a4f84387', '  499.00', ' 199.00    ', '（7763', '8139', null, ': 0.00', null, '1408', null, '1162', 'http://detail.tmall.com/item.htm', '2016', '1', '11', '23', '44', '1');
INSERT INTO `b_pro_detail` VALUES ('527c4989dc90406287e8bfe25eca1d9d', '中华老字号百花牌玫瑰蜜酱580g(巢本) 原产地:安宁八街-tmall.com天猫', null, '2016-01-11 23:44:07', '产品参数：\r\n生产许可证编号：530126010048\r\n产品标准号：Q/YZF0001S\r\n厂名：云南中蜂科技开发有限公司\r\n厂址：昆明经开区中豪新册产业城二期H6栋3楼\r\n厂家联系方式：400 650 3801\r\n配料表：蜂蜜、重瓣红玫瑰、果葡糖浆\r\n储藏方法：密封置于阴凉环境中\r\n保质期：365 天\r\n食品添加剂：见详情页\r\n净含量: 580g\r\n包装方式: 包装\r\n商品条形码: 6904546003959\r\n品牌: 百花\r\n系列: 玫瑰蜜酱\r\n规格: 580g\r\n生产方式: 分离蜜\r\n蜂蜜种类: ', '346d7fcd8e9041448d42fa9893642231', '  118.00', ' 68.00    ', '（368', '372', null, ': 0.00', null, '74', null, '114', 'http://detail.tmall.com/item.htm', '2016', '1', '11', '23', '44', '7');
INSERT INTO `b_pro_detail` VALUES ('3e9e6a3e190742a7861eb151d6711499', '中华老字号 百花牌西西果蜜480g(巢本) 原产地:缅甸-tmall.com天猫', null, '2016-01-11 23:44:13', '产品参数：\r\n生产许可证编号：530126010048\r\n产品标准号：GB 14963\r\n厂名：云南中蜂科技开发有限公司\r\n厂址：昆明经开区中豪新册产业城二期H6栋3楼\r\n厂家联系方式：400-650-3801\r\n配料表：西西果蜂蜜\r\n储藏方法：密封置于阴凉干燥环境中\r\n保质期：540 天\r\n食品添加剂：无\r\n净含量: 480g\r\n包装方式: 包装\r\n商品条形码: 6904546003980\r\n品牌: 百花\r\n系列: 西西果蜜\r\n规格: 480g\r\n生产方式: 分离蜜\r\n蜂蜜种类: 其他/other\r\n产', 'dc355e95419e4bf3a89f2d509e713901', '  138.00', ' 99.00 11   ', '（206', '315', null, ': 0.00', null, '36', null, '761', 'http://detail.tmall.com/item.htm', '2016', '1', '11', '23', '44', '13');
INSERT INTO `b_pro_detail` VALUES ('f8d6cf68d7dc4944965abe217074e1c0', '百花牌蜂胶软胶囊 0.4g/粒*90-tmall.com天猫', null, '2016-01-11 23:44:19', '商品为国家食品药品监管局批准的 保健食品，本品不能代替药物，不能用于疾病预防、治疗。\r\n产品参数：\r\n产品标准号：Q/GXFCP0021J\r\n厂名：北京百花蜂业科技发展股份公司\r\n厂址：北京市北京经济技术开发区同济中路7号3号楼\r\n厂家联系方式：4006503801\r\n配料表：蜂胶 聚乙二醇 明胶 甘油\r\n储藏方法：密封置于阴凉干燥环境中\r\n保质期：720 天\r\n食品添加剂：无\r\n产品名称：百花牌蜂胶软胶囊 0.4g/...\r\n产品剂型: 软胶囊\r\n保健食品产品名称: 百花牌蜂胶软胶囊\r\n品牌: 百花\r\n', 'd60714375f9746a381524bbf3b4a54eb', '  316.00', ' 159.00    ', '（83', '72', null, ': 0.00', null, '18', null, '226', 'http://detail.tmall.com/item.htm', '2016', '1', '11', '23', '44', '19');
INSERT INTO `b_pro_detail` VALUES ('4bfc49a1f86f454384f1716285868ad4', '中华老字号百花牌洋槐花蜜枣花百花蜜3瓶 农家野生土蜂蜜-tmall.com天猫', null, '2016-01-11 23:44:25', '产品参数：\r\n生产许可证编号：QS1111 2601 0033\r\n产品标准号：GB14963\r\n厂名：北京百花蜂蜜有限公司\r\n厂址：北京市房山区长阳镇北广阳城大街8号\r\n厂家联系方式：400-650-3801\r\n配料表：见瓶体\r\n储藏方法：密封置于阴凉干燥环境中\r\n保质期：540 天\r\n食品添加剂：无\r\n净含量: 1245g\r\n包装方式: 包装\r\n品牌: 百花\r\n系列: 蜂蜜3瓶装\r\n规格: 1245G\r\n生产方式: 分离蜜\r\n蜂蜜种类: 其他/other\r\n产地: 中国大陆\r\n省份: 北京\r\n形状: 液', 'cbfcbb766b1e4446a4cbe3aa1c98dd00', '  159.00', ' 88.00    ', '（28648', '42436', null, ': 0.00', null, '559', null, '10559', 'http://detail.tmall.com/item.htm', '2016', '1', '11', '23', '44', '25');
INSERT INTO `b_pro_detail` VALUES ('0ee299e268c94aba92346e33cde38c53', '【新品首发】中华老字号百花牌九龙藤蜂蜜（巢本） 原产地：漓江-tmall.com天猫', null, '2016-01-11 23:44:31', '产品参数：\r\n生产许可证编号：450126010018\r\n产品标准号：GB14963\r\n厂名：南宁市全健蜜蜂养殖场\r\n厂址：南宁市良庆区建源路15号\r\n厂家联系方式：400-650-3801\r\n配料表：九龙藤蜂蜜\r\n储藏方法：密封置于阴凉干燥环境中\r\n保质期：540 天\r\n食品添加剂：无\r\n净含量: 480g\r\n包装方式: 包装\r\n品牌: 百花\r\n系列: 九龙藤蜂蜜（巢本）\r\n规格: 480g/瓶\r\n生产方式: 分离蜜\r\n蜂蜜种类: 其他/other\r\n产地: 中国大陆\r\n省份: 北京\r\n形状: 液态蜜\r', 'c26955e2b30145a6a3488e72ef5188a8', '  199.00', ' 89.00    ', '（79', '34', null, ': 0.00', null, '24', null, '169', 'http://detail.tmall.com/item.htm', '2016', '1', '11', '23', '44', '31');
INSERT INTO `b_pro_detail` VALUES ('adaf9e8ff96845c28b90ac319f20aa20', '【中华老字号_百花牌长白雪蜜1000g】纯净天然椴树蜂蜜结晶雪蜜-tmall.com天猫', null, '2016-01-11 23:44:37', '产品参数：\r\n生产许可证编号：QS2201 2601 0058\r\n产品标准号：GB14963\r\n厂名：吉林依然蜂业有限公司\r\n厂址：吉林省长春九台经济开发区卡伦工业区北区甲三路\r\n厂家联系方式：4006503801\r\n配料表：椴树蜂蜜\r\n储藏方法：密封置于阴凉干燥环境中\r\n保质期：540 天\r\n食品添加剂：无\r\n净含量: 1000g\r\n包装方式: 包装\r\n商品条形码: 6904546267894\r\n品牌: 百花\r\n系列: 长白雪蜜-椴树蜜\r\n规格: 1千克\r\n生产方式: 分离蜜\r\n蜂蜜种类: 椴树蜜\r\n产', 'a6a1088a2ef84e34a698dc91c97cc9dc', '  198.00', ' 79.50 0   ', '（6657', '13540', null, ': 0.00', null, '934', null, '3000', 'http://detail.tmall.com/item.htm', '2016', '1', '11', '23', '44', '37');
INSERT INTO `b_pro_detail` VALUES ('fad6b008066d4d149b4b61b28eb79da9', '百花 蜂王浆冻干粉胶囊 0.35g/粒*160粒-tmall.com天猫', null, '2016-01-14 23:40:00', '商品为国家食品药品监管局批准的 保健食品，本品不能代替药物，不能用于疾病预防、治疗。\r\n产品参数：\r\n产品标准号：Q/WFZB 0001S\r\n厂名：北京百花蜂业科技发展股份公司\r\n厂址：北京市北京经济技术开发区同济中路7号3号楼\r\n厂家联系方式：400-650-3801\r\n配料表：蜂王浆冻干粉\r\n储藏方法：阴凉干燥处、避免高温\r\n保质期：720 天\r\n食品添加剂：见详情页\r\n产品名称：百花 蜂王浆冻干粉胶囊 0....\r\n产品剂型: 软胶囊\r\n保健食品产品名称: 蜂王浆冻干粉胶囊\r\n品牌: 百花\r\n批准文', 'c74ef797bc994646a8faf2ffb7c2c54a', '  499.00', ' 299.00    ', '（171', '157', null, ': 0.00', null, '23', null, '547', 'http://detail.tmall.com/item.htm', '2016', '1', '14', '23', '40', '0');
INSERT INTO `b_pro_detail` VALUES ('faec6fa1a144411389f26dc6959c75f1', '中华老字号 百花牌枸杞蜂蜜415g 天然纯净农家自产野生蜂蜜-tmall.com天猫', null, '2016-01-14 23:40:13', '产品参数：\r\n生产许可证编号：111126010033\r\n产品标准号：GB14963\r\n厂名：北京百花蜂蜜有限公司\r\n厂址：北京市房山区长阳镇北广阳城大街8号\r\n厂家联系方式：400-650-3801\r\n配料表：枸杞蜂蜜\r\n储藏方法：置阴凉干燥处，密封保存\r\n保质期：540 天\r\n食品添加剂：无\r\n净含量: 415g\r\n包装方式: 包装\r\n商品条形码: 6904546002501\r\n品牌: 百花\r\n系列: 枸杞蜜415g\r\n规格: 415g\r\n生产方式: 分离蜜\r\n蜂蜜种类: 枸杞蜜\r\n产地: 中国大陆\r', '50bf1dbbb77545db8e6b291f93a28a54', '  69.00', ' 35.00    ', '（4682', '5761', null, ': 0.00', null, '315', null, '1211', 'http://detail.tmall.com/item.htm', '2016', '1', '14', '23', '40', '13');
INSERT INTO `b_pro_detail` VALUES ('e68ef0812b8c4afc985337a360a0f8f9', '中华老字号百花牌 枸杞/苹果/益母草蜂蜜415g*3瓶-tmall.com天猫', null, '2016-01-14 23:40:22', '产品参数：\r\n生产许可证编号：111126010033\r\n产品标准号：GB18796\r\n厂名：北京百花蜂蜜有限公司\r\n厂址：北京市房山区长阳镇北广阳城大街8号\r\n厂家联系方式：400-650-3801\r\n配料表：枸杞蜂蜜 益母草蜂蜜 苹果蜂蜜\r\n储藏方法：置阴凉干燥处，密封保存\r\n保质期：540 天\r\n食品添加剂：无\r\n净含量: 1245g\r\n包装方式: 包装\r\n品牌: 百花\r\n系列: 蜂蜜3瓶\r\n规格: 1245G\r\n生产方式: 分离蜜\r\n蜂蜜种类: 其他/other\r\n产地: 中国大陆\r\n省份: 北京', '9bf869a66bac4d5c96593aec5bab335a', '  199.00', ' 88.00    ', '（5981', '12288', null, ': 0.00', null, '433', null, '1386', 'http://detail.tmall.com/item.htm', '2016', '1', '14', '23', '40', '22');
INSERT INTO `b_pro_detail` VALUES ('a580856aed3a4693bb28eace8ef53601', '百花牌蜂胶液 30ml/瓶*4-tmall.com天猫', null, '2016-01-14 23:40:30', '商品为国家食品药品监管局批准的 保健食品，本品不能代替药物，不能用于疾病预防、治疗。\r\n产品参数：\r\n产品标准号：Q/GXFCP 0017\r\n厂名：北京百花蜂业科技发展股份公司\r\n厂址：北京市北京经济技术开发区同济中路7号楼3号楼\r\n厂家联系方式：400-650-3801\r\n配料表：蜂胶、聚乙二醇400\r\n储藏方法：密封、置于阴凉干燥处\r\n保质期：720 天\r\n食品添加剂：见详情页\r\n产品名称：百花牌蜂胶液 30ml/瓶*4\r\n产品剂型: 口服液\r\n保健食品产品名称: 百花牌蜂胶液\r\n品牌: 百花\r\n批准', 'ca2c37c5454546ffa77e383e0ab148c2', '  399.00', ' 219.00    ', '（225', '386', null, ': 0.00', null, '60', null, '261', 'http://detail.tmall.com/item.htm', '2016', '1', '14', '23', '40', '30');
INSERT INTO `b_pro_detail` VALUES ('51794e696fe94b23bff25be75583157f', '老字号 百花牌益母草蜂蜜415g纯蜂蜜 天然纯净农家自产野生蜂蜜-tmall.com天猫', null, '2016-01-14 23:40:49', '产品参数：\r\n生产许可证编号：111126010033\r\n产品标准号：GB14963\r\n厂名：北京百花蜂蜜有限公司\r\n厂址：北京市房山区长阳镇北广阳城大街8号\r\n厂家联系方式：400-650-3801\r\n配料表：益母草蜂蜜\r\n储藏方法：置阴凉干燥处，密封保存\r\n保质期：540 天\r\n食品添加剂：无\r\n净含量: 415g\r\n包装方式: 包装\r\n商品条形码: 6904546002495\r\n品牌: 百花\r\n系列: 益母草蜂蜜\r\n规格: 415g\r\n生产方式: 分离蜜\r\n蜂蜜种类: 益母草蜜\r\n产地: 中国大陆\r', 'ef139bbab1274b70bc035a810b5c82d4', '  59.00', ' 35.00    ', '（3828', '6178', null, ': 0.00', null, '309', null, '2410', 'http://detail.tmall.com/item.htm', '2016', '1', '14', '23', '40', '49');
INSERT INTO `b_pro_detail` VALUES ('fc4978ba6b3c48f6b8fc1fe9d8a96566', '中华老字号 百花牌天然蜂蜜415g 天然农家自产纯蜂蜜-tmall.com天猫', null, '2016-01-14 23:40:56', '产品参数：\r\n生产许可证编号：111126010033\r\n产品标准号：GB14963\r\n厂名：北京百花蜂蜜有限公司\r\n厂址：北京市房山区长阳镇北广阳城大街8号\r\n厂家联系方式：400-650-3801\r\n配料表：油菜蜂蜜 荆花蜂蜜\r\n储藏方法：置阴凉干燥避光处\r\n保质期：540 天\r\n食品添加剂：无\r\n净含量: 415g\r\n包装方式: 包装\r\n商品条形码: 6904546001689\r\n品牌: 百花\r\n系列: 百花牌天然蜂蜜\r\n规格: 415g\r\n生产方式: 分离蜜\r\n蜂蜜种类: 百花蜜\r\n产地: 中国大', 'ac5caae6877f4ab7897dd2bf09087d3c', '  89.00', ' 29.50    ', '（9816', '30628', null, ': 0.00', null, '1582', null, '22264', 'http://detail.tmall.com/item.htm', '2016', '1', '14', '23', '40', '56');
INSERT INTO `b_pro_detail` VALUES ('650f94359adc469fb2eefb9a5657b01f', '中华老字号 百花牌枸杞蜂蜜415g*3瓶量贩装 天然纯蜂蜜-tmall.com天猫', null, '2016-01-14 23:41:03', '产品参数：\r\n生产许可证编号：111126010033\r\n产品标准号：GB14963\r\n厂名：北京百花蜂蜜有限公司\r\n厂址：北京市房山区长阳镇北广阳城大街8号\r\n厂家联系方式：400-650-3801\r\n配料表：枸杞蜂蜜\r\n储藏方法：置阴凉干燥处，密封保存\r\n保质期：540 天\r\n食品添加剂：无\r\n产品名称：百花 枸杞蜂蜜3瓶装 1245g\r\n净含量: 415g\r\n包装方式: 包装\r\n品牌: 百花\r\n系列: 枸杞蜂蜜3瓶装\r\n规格: 1245G\r\n生产方式: 分离蜜\r\n蜂蜜种类: 枸杞蜜\r\n产地: 中国大', '1472d39224e6441fbcbcc6d0cb6f652a', '  188.00', ' 88.00    ', '（1472', '3063', null, ': 0.00', null, '166', null, '881', 'http://detail.tmall.com/item.htm', '2016', '1', '14', '23', '41', '3');
INSERT INTO `b_pro_detail` VALUES ('218ac5f6aca349a6a3ee18f98ec000ea', '百花牌洋参王浆片 0.5g/片*192片-tmall.com天猫', null, '2016-01-14 23:41:10', '商品为国家食品药品监管局批准的 保健食品，本品不能代替药物，不能用于疾病预防、治疗。\r\n产品参数：\r\n产品标准号：Q/GXFCP0030J\r\n厂名：北京百花蜂业科技发展股份公司\r\n厂址：北京市大兴区北京经济技术开发区同济中路7号兴盛工业园3号楼\r\n厂家联系方式：400-650-3801\r\n配料表：蜂王浆纯干粉、人参皂甙\r\n储藏方法：置阴凉干燥密封处\r\n保质期：720 天\r\n食品添加剂：见详情页\r\n产品名称：百花牌洋参王浆片 0.5g/...\r\n产品剂型: 片剂\r\n保健食品产品名称: 百花牌洋参王浆片\r\n品', '56372604bb2c44d19cc5cef508e6c905', '  599.00', ' 299.90    ', '（39', '25', null, ': 0.00', null, '4', null, '33', 'http://detail.tmall.com/item.htm', '2016', '1', '14', '23', '41', '10');
INSERT INTO `b_pro_detail` VALUES ('2cd0ebfc7ce04f8397b71da0c0d1a2c5', '百花牌蜂胶液 30ml/瓶-tmall.com天猫', null, '2016-01-14 23:41:17', '商品为国家食品药品监管局批准的 保健食品，本品不能代替药物，不能用于疾病预防、治疗。\r\n产品参数：\r\n产品标准号：Q/GXFCP 0017\r\n厂名：北京百花蜂业科技发展股份公司\r\n厂址：北京市北京经济技术开发区同济中路7号楼3号楼\r\n厂家联系方式：400-650-3801\r\n配料表：蜂胶、聚乙二醇400\r\n储藏方法：密封、置于阴凉干燥处\r\n保质期：720 天\r\n食品添加剂：无\r\n产品名称：百花牌蜂胶液 30ml/瓶\r\n产品剂型: 口服液\r\n保健食品产品名称: 百花牌蜂胶液\r\n品牌: 百花\r\n批准文号: 国', '744feeac93e4409b9ca25a85cc000a71', '  150.00', ' 69.00    ', '（161', '221', null, ': 0.00', null, '16', null, '119', 'http://detail.tmall.com/item.htm', '2016', '1', '14', '23', '41', '17');
INSERT INTO `b_pro_detail` VALUES ('295bc811d622495ca9c6d848c423b249', '中华老字号 百花牌长白雪蜜 高品质椴树蜂蜜250g/瓶 纯蜂蜜-tmall.com天猫', null, '2016-01-14 23:41:25', '产品参数：\r\n生产许可证编号：111126010033\r\n产品标准号：GB14963\r\n厂名：北京百花蜂蜜有限公司\r\n厂址：北京市房山区长阳镇北广阳城大街8号\r\n厂家联系方式：400-650-3801\r\n配料表：椴树蜂蜜\r\n储藏方法：阴凉避光、干燥密闭\r\n保质期：540 天\r\n食品添加剂：无\r\n净含量: 250g\r\n包装方式: 包装\r\n商品条形码: 6904546001931\r\n品牌: 百花\r\n系列: 长白雪蜜250g\r\n规格: 250g/瓶\r\n生产方式: 分离蜜\r\n蜂蜜种类: 椴树蜜\r\n产地: 中国大陆', 'aa20282540d44560a1d4ed1673990307', '  79.00', ' 35.00    ', '（787', '1230', null, ': 0.00', null, '111', null, '1164', 'http://detail.tmall.com/item.htm', '2016', '1', '14', '23', '41', '25');
INSERT INTO `b_pro_detail` VALUES ('f14f493ba6d14a3aacdf0b9204323df8', '中华老字号百花牌洋槐花蜂蜜3瓶 天然农家自产纯野生土蜂蜜-tmall.com天猫', null, '2016-01-14 23:41:32', '产品参数：\r\n生产许可证编号：111126010033\r\n产品标准号：GB14963\r\n厂名：北京百花蜂蜜有限公司\r\n厂址：北京市房山区长阳镇北广阳城大街8号\r\n厂家联系方式：400-650-3801\r\n配料表：洋槐蜂蜜\r\n储藏方法：密封置于阴凉干燥环境中\r\n保质期：540 天\r\n食品添加剂：无\r\n净含量: 1245\r\n包装方式: 包装\r\n品牌: 百花\r\n系列: 洋槐蜂蜜\r\n规格: 3瓶装\r\n生产方式: 分离蜜\r\n蜂蜜种类: 槐花蜜\r\n产地: 中国大陆\r\n省份: 北京\r\n形状: 液态蜜\r\n采收季节: 春季', '3a90571d2dd849c4a8dc9856b7ca9633', '  159.00', ' 88.00    ', '（36355', '72119', null, ': 0.00', null, '2256', null, '3474', 'http://detail.tmall.com/item.htm', '2016', '1', '14', '23', '41', '32');
INSERT INTO `b_pro_detail` VALUES ('99912a92f1e647a69782c6977c5546a2', '百花牌蜂胶软胶囊 0.4g/粒*228粒-tmall.com天猫', null, '2016-01-14 23:41:40', '商品为国家食品药品监管局批准的 保健食品，本品不能代替药物，不能用于疾病预防、治疗。\r\n产品参数：\r\n产品标准号：Q/GXFCP 0021J\r\n厂名：北京百花蜂业科技发展股份公司 北京航洋健康科技有限公司\r\n厂址：北京市大兴区北京经济技术开发区同济中路7号兴盛工业园3号楼\r\n厂家联系方式：400-650-3801\r\n配料表：蜂胶 聚乙二醇 明胶 甘油\r\n储藏方法：置阴凉干燥处，密封保存\r\n保质期：730 天\r\n食品添加剂：见详情页\r\n产品名称：百花牌蜂胶软胶囊 0.4g/...\r\n产品剂型: 软胶囊\r\n保', '7b6d2869940c45a89d2bf2ccaa0940e9', '  499.00', ' 299.00    ', '（16807', '15035', null, ': 0.00', null, '886', null, '2605', 'http://detail.tmall.com/item.htm', '2016', '1', '14', '23', '41', '40');
INSERT INTO `b_pro_detail` VALUES ('12adbc7319a941e2940387962681af6f', '【新品首发】中华老字号百花牌坤草蜂蜜(巢本) 原产地:西双版纳-tmall.com天猫', null, '2016-01-14 23:41:47', '产品参数：\r\n生产许可证编号：530126010048\r\n产品标准号：GB14963\r\n厂名：云南中蜂科技开发有限公司\r\n厂址：昆明经开区中豪新册产业城二期H6栋3楼\r\n厂家联系方式：4006503801\r\n配料表：益母草蜂蜜\r\n储藏方法：密封至于阴凉干燥环境中\r\n保质期：540 天\r\n食品添加剂：无\r\n净含量: 480g\r\n包装方式: 包装\r\n商品条形码: 6904546004031\r\n品牌: 百花\r\n系列: 坤草蜂蜜\r\n规格: 480g/瓶\r\n生产方式: 分离蜜\r\n蜂蜜种类: 益母草蜜\r\n产地: 中国', '08048adb1a8c4dedb2e0e21c88928f07', '  198.00', ' 59.00    ', '（173', '58', null, ': 0.00', null, '20', null, '177', 'http://detail.tmall.com/item.htm', '2016', '1', '14', '23', '41', '47');
INSERT INTO `b_pro_detail` VALUES ('6822f7a5ccec4d59b02eb1c004735684', '百花牌蜂胶软胶囊 0.4g/粒*30-tmall.com天猫', null, '2016-01-14 23:41:54', '商品为国家食品药品监管局批准的 保健食品，本品不能代替药物，不能用于疾病预防、治疗。\r\n产品参数：\r\n产品标准号：Q/GXFCP 0021J\r\n厂名：北京百花蜂业科技发展股份公司 北京航洋健康科技有限公司\r\n厂址：北京市大兴区北京经济技术开发区同济中路7号兴盛工业园3号楼\r\n厂家联系方式：400-650-3801\r\n配料表：蜂胶 聚乙二醇 明胶 甘油\r\n储藏方法：阴凉避光 干燥密封\r\n保质期：730 天\r\n食品添加剂：见详情页\r\n产品名称：百花 百花牌蜂胶软胶囊 0....\r\n产品剂型: 软胶囊\r\n保健食', 'dc54c0961a534e59bac153405b97b05d', '  129.90', ' 49.00    ', '（929', '1250', null, ': 0.00', null, '50', null, '1733', 'http://detail.tmall.com/item.htm', '2016', '1', '14', '23', '41', '54');
INSERT INTO `b_pro_detail` VALUES ('7700d1fb6b4b4cd989b3674a6328c496', '中华老字号 百花牌黄芪稀有蜂蜜415g 天然纯净农家自产野生蜂蜜-tmall.com天猫', null, '2016-01-14 23:42:04', '产品参数：\r\n生产许可证编号：111126010033\r\n产品标准号：GB18796\r\n厂名：北京百花蜂蜜有限公司\r\n厂址：北京市房山区长阳镇北广阳城大街8号\r\n厂家联系方式：400-650-3801\r\n配料表：黄芪蜂蜜\r\n储藏方法：置阴凉干燥处，密封保存\r\n保质期：540 天\r\n食品添加剂：无\r\n净含量: 415g\r\n包装方式: 包装\r\n商品条形码: 6904546003171\r\n品牌: 百花\r\n系列: 黄芪蜂蜜1瓶装\r\n规格: 415g\r\n生产方式: 分离蜜\r\n蜂蜜种类: 其他/other\r\n产地: ', '947466769da1424ea2bfa66c3f6dc131', '  59.00', ' 35.00    ', '（428', '838', null, ': 0.00', null, '64', null, '1205', 'http://detail.tmall.com/item.htm', '2016', '1', '14', '23', '42', '4');
INSERT INTO `b_pro_detail` VALUES ('321ecb4f849340949cca6fa08998ff2b', '中华老字号百花牌绿色蜂蜜(巢本) 原产地:燕山丘陵_密云-tmall.com天猫', null, '2016-01-14 23:42:11', '产品参数：\r\n生产许可证编号：111126010033\r\n产品标准号：GB 14963\r\n厂名：北京百花蜂蜜有限公司\r\n厂址：北京市房山区长阳镇北广阳城大街8号\r\n厂家联系方式：400-650-3801\r\n配料表：荆花蜂蜜\r\n储藏方法：置阴凉干燥处，密封保存\r\n保质期：540 天\r\n食品添加剂：无\r\n净含量: 480g\r\n包装方式: 包装\r\n商品条形码: 6904546004185\r\n品牌: 百花\r\n系列: 荆花蜂蜜（绿色食品）\r\n规格: 480g\r\n生产方式: 分离蜜\r\n蜂蜜种类: 白荆条蜜\r\n产地: ', '134a262f51a2437894343722ec392787', '  119.00', ' 59.00    ', '（104', '231', null, ': 0.00', null, '60', null, '144', 'http://detail.tmall.com/item.htm', '2016', '1', '14', '23', '42', '11');
INSERT INTO `b_pro_detail` VALUES ('8258739f46ee460cbf741c4908198378', '【预售】老字号百花牌长白雪蜜精美年货礼盒 高端雪蜜 白蜜纯蜂蜜-tmall.com天猫', null, '2016-01-14 23:42:18', '产品参数：\r\n生产许可证编号：QS1111 2601 0033\r\n产品标准号：GB14963\r\n厂名：北京百花蜂蜜有限公司\r\n厂址：北京市房山区长阳镇北广阳城大街8号\r\n厂家联系方式：400-650-3801\r\n配料表：椴树蜂蜜\r\n储藏方法：密封置于阴凉干燥环境中\r\n保质期：540 天\r\n食品添加剂：无\r\n净含量: 1500g\r\n包装方式: 包装\r\n品牌: 百花\r\n系列: 雪蜜礼盒装\r\n规格: 250g/瓶*6瓶\r\n生产方式: 分离蜜\r\n蜂蜜种类: 椴树蜜\r\n产地: 中国大陆\r\n省份: 北京\r\n形状: 液', 'ee06afba4c1d4e30961ffd9635325593', '  359.00', '', '（309', '139', null, ': 0.00', null, '129', null, '97', 'http://detail.tmall.com/item.htm', '2016', '1', '14', '23', '42', '18');
INSERT INTO `b_pro_detail` VALUES ('c8ec754e15bd45a6b1cac6fa40937258', '中华老字号 百花牌黄连蜂蜜415g 天然纯净农家自产野生蜂蜜-tmall.com天猫', null, '2016-01-14 23:42:26', '产品参数：\r\n生产许可证编号：111126010033\r\n产品标准号：GB18796\r\n厂名：北京百花蜂蜜有限公司\r\n厂址：北京市房山区长阳镇北广阳城大街8号\r\n厂家联系方式：400-650-3801\r\n配料表：黄连蜂蜜\r\n储藏方法：置阴凉干燥处，密封保存\r\n保质期：540 天\r\n食品添加剂：无\r\n净含量: 415g\r\n包装方式: 包装\r\n商品条形码: 6904546003164\r\n品牌: 百花\r\n系列: 黄连蜂蜜1瓶装\r\n规格: 415g\r\n生产方式: 分离蜜\r\n蜂蜜种类: 其他/other\r\n产地: ', '0511412a2875489b8c8a636530ff4e9a', '  59.00', ' 35.00    ', '（681', '1508', null, ': 0.00', null, '64', null, '492', 'http://detail.tmall.com/item.htm', '2016', '1', '14', '23', '42', '26');
INSERT INTO `b_pro_detail` VALUES ('cc3cbbccd2164a6ca41a1fdf9c8f4b37', '老字号 百花牌精美蜂蜜礼盒装 过年送礼送甜蜜 高端大牌礼盒装-tmall.com天猫', null, '2016-01-14 23:42:34', '产品参数：\r\n生产许可证编号：QS1111 2601 0033\r\n产品标准号：GB14963\r\n厂名：北京百花蜂蜜有限公司\r\n厂址：北京市房山区长阳镇北广阳城大街8号\r\n厂家联系方式：4006503801\r\n配料表：油菜蜂蜜、荆花蜂蜜\r\n储藏方法：密封置于阴凉干燥环境中\r\n保质期：540 天\r\n食品添加剂：无\r\n净含量: 1245g\r\n包装方式: 包装\r\n品牌: 百花\r\n系列: 百花蜂蜜精美礼盒蜂蜜3瓶装\r\n规格: 1245g（415g*3瓶）\r\n生产方式: 分离蜜\r\n蜂蜜种类: 其他/other\r\n产地', 'e7b6ffff231b4505a8c2f62910b10c51', '  199.00', ' 79.00    ', '（308', '260', null, ': 0.00', null, '91', null, '1099', 'http://detail.tmall.com/item.htm', '2016', '1', '14', '23', '42', '34');
INSERT INTO `b_pro_detail` VALUES ('4b65bfd83cff4c9c88e6d9847522a2af', '【新品首发】中华老字号百花牌野藿香蜂蜜(巢本) 原产地:云南八宝-tmall.com天猫', null, '2016-01-14 23:42:41', '产品参数：\r\n生产许可证编号：QS5301 2601 0048\r\n产品标准号：GB14963\r\n厂名：云南中蜂科技开发有限公司\r\n厂址：昆明经开区中豪新册产业城二期H6栋3楼\r\n厂家联系方式：4006503801\r\n配料表：野藿香蜂蜜\r\n储藏方法：密封至于阴凉干燥环境中\r\n保质期：540 天\r\n食品添加剂：无\r\n净含量: 580\r\n包装方式: 包装\r\n商品条形码: 6904546003911\r\n品牌: 百花\r\n系列: 野藿香蜜\r\n规格: 580g/瓶\r\n生产方式: 分离蜜\r\n蜂蜜种类: 其他/other\r', '3d5707e929ca48f1bc5eacf49fc3a6ad', '  199.00', ' 89.00    ', '（275', '69', null, ': 0.00', null, '25', null, '172', 'http://detail.tmall.com/item.htm', '2016', '1', '14', '23', '42', '41');
INSERT INTO `b_pro_detail` VALUES ('7ab6612d22b5468a8bc333d0cb3c5468', '中华老字号百花牌纯天然土蜂蜜 玉龙雪蜜(巢本系列) 原产地:丽江-tmall.com天猫', null, '2016-01-14 23:42:48', '产品参数：\r\n生产许可证编号：530126010048\r\n产品标准号：GB 14963\r\n厂名：北京百花蜂业科技发展股份公司委托云南中蜂科技开发有限公司\r\n厂址：昆明经开区中豪新册产业城二期H6栋3楼\r\n厂家联系方式：400-650-3801\r\n配料表：苕子蜂蜜\r\n储藏方法：密封置于阴凉干燥环境中\r\n保质期：540 天\r\n食品添加剂：无\r\n净含量: 580g\r\n包装方式: 包装\r\n商品条形码: 6904546003898\r\n品牌: 百花\r\n系列: 玉龙雪蜜\r\n规格: 580g\r\n生产方式: 分离蜜\r\n蜂蜜', 'c5365987142c4ffd95ad9d6c1ec1f62f', '  156.00', ' 79.00    ', '（773', '1071', null, ': 0.00', null, '114', null, '154', 'http://detail.tmall.com/item.htm', '2016', '1', '14', '23', '42', '48');
INSERT INTO `b_pro_detail` VALUES ('106a9eab012a44d583a05c7300f5eea1', '中华老字号 百花牌维西藏蜜580g（巢本) 原产地:云南维西-tmall.com天猫', null, '2016-01-14 23:42:55', '产品参数：\r\n生产许可证编号：530126010048\r\n产品标准号：GB14963\r\n厂名：云南中蜂科技开发有限公司\r\n厂址：昆明经开区中豪新册产业城二期H6栋3楼\r\n厂家联系方式：01067869025\r\n保质期：540 天\r\n食品添加剂：无\r\n净含量: 580g\r\n包装方式: 包装\r\n商品条形码: 6904546003928\r\n品牌: 百花\r\n系列: 维西藏蜜\r\n规格: 580g\r\n生产方式: 分离蜜\r\n蜂蜜种类: 其他/other\r\n产地: 中国大陆\r\n省份: 北京\r\n形状: 液态蜜\r\n采收季节:', 'f97af17b5ef749edafad727251f55dce', '  399.00', ' 98.00    ', '（393', '235', null, ': 0.00', null, '52', null, '149', 'http://detail.tmall.com/item.htm', '2016', '1', '14', '23', '42', '55');
INSERT INTO `b_pro_detail` VALUES ('79824edafa004dcca080690ac0a97906', '【中华老字号】百花牌天然蜂蜜 3瓶 纯净农家自产野生土蜂蜜-tmall.com天猫', null, '2016-01-14 23:43:01', '产品参数：\r\n生产许可证编号：QS1111 2601 0033\r\n产品标准号：GB14963\r\n厂名：北京百花蜂蜜有限公司\r\n厂址：北京市房山区长阳镇北广阳城大街8号\r\n厂家联系方式：01067869025\r\n配料表：油菜蜂蜜 荆花蜂蜜\r\n储藏方法：密封置于阴凉干燥环境中\r\n保质期：540 天\r\n食品添加剂：无\r\n净含量: 1245\r\n包装方式: 包装\r\n品牌: 百花\r\n系列: 百花蜂蜜3瓶装\r\n规格: 1245G\r\n生产方式: 分离蜜\r\n蜂蜜种类: 百花蜜\r\n产地: 中国大陆\r\n省份: 北京\r\n形状: ', 'db2c2c86715f45e9b5b060156a1a6078', '  159.00', ' 59.90    ', '（34118', '98804', null, ': 0.00', null, '17589', null, '9593', 'http://detail.tmall.com/item.htm', '2016', '1', '14', '23', '43', '1');
INSERT INTO `b_pro_detail` VALUES ('40759494548c4078b28ed3fc99636fda', '中华老字号 百花牌洋槐/枸杞/百花蜂蜜415g*3瓶 纯蜂蜜-tmall.com天猫', null, '2016-01-14 23:43:08', '产品参数：\r\n生产许可证编号：QS1111 2601 0033\r\n产品标准号：GB14963\r\n厂名：北京百花蜂蜜有限公司\r\n厂址：北京市房山区长阳镇北广阳城大街8号\r\n厂家联系方式：400-650-3801\r\n配料表：见瓶体\r\n储藏方法：密封置于阴凉干燥环境中\r\n保质期：540 天\r\n食品添加剂：无\r\n净含量: 1245g\r\n包装方式: 包装\r\n品牌: 百花\r\n系列: 洋槐/枸杞/多花种蜂蜜套餐\r\n规格: 415g/瓶*3瓶\r\n生产方式: 分离蜜\r\n蜂蜜种类: 其他/other\r\n产地: 中国大陆\r\n省', '9df02d0bd53a4d4d911c7b24c2f1c845', '  199.00', ' 88.00    ', '（2083', '6095', null, ': 0.00', null, '109', null, '1062', 'http://detail.tmall.com/item.htm', '2016', '1', '14', '23', '43', '8');
INSERT INTO `b_pro_detail` VALUES ('aac8354bf6f24550b3bd783e5c2603d6', '百花牌蜂王浆 3g/袋*90袋-tmall.com天猫', null, '2016-01-14 23:43:15', '商品为国家食品药品监管局批准的 保健食品，本品不能代替药物，不能用于疾病预防、治疗。\r\n产品参数：\r\n产品标准号：Q/GXFCP 0031J\r\n厂名：北京百花蜂业科技发展股份公司\r\n厂址：北京市大兴区北京经济技术开发区同济中路7号兴盛工业园3号楼\r\n厂家联系方式：400-650-3801\r\n配料表：鲜蜂王浆\r\n储藏方法：零下18度低温保存\r\n保质期：730 天\r\n食品添加剂：见详情页\r\n产品名称：百花牌蜂王浆 3g/袋*90袋\r\n产品剂型: 口服散剂\r\n保健食品产品名称: 百花牌蜂王浆\r\n品牌: 百花\r\n', '3d63cc0698454c1085dbb0f0cbc9131e', '  299.00', ' 169.00    ', '（14869', '10303', null, ': 0.00', null, '173', null, '823', 'http://detail.tmall.com/item.htm', '2016', '1', '14', '23', '43', '15');
INSERT INTO `b_pro_detail` VALUES ('dd9f2f51e5834ae980fc415791b6102d', '百花牌润通舒蜜炼膏 300g/瓶-tmall.com天猫', null, '2016-01-14 23:43:22', '商品为国家食品药品监管局批准的 保健食品，本品不能代替药物，不能用于疾病预防、治疗。\r\n产品参数：\r\n产品标准号：Q/GXFCP0018J\r\n厂名：北京百花蜂业科技发展股份公司\r\n厂址：北京市北京经济技术开发区同济中路7号3号楼\r\n厂家联系方式：400-650-3801\r\n配料表：蜂蜜、低聚木糖、枸杞子、茯苓、菊花红花、白果、决明子、郁李仁、火麻仁 苏叶 甘草\r\n储藏方法：置常温、干燥处\r\n保质期：720 天\r\n食品添加剂：见详情页\r\n产品名称：百花牌润通舒蜜炼膏 300g/...\r\n产品剂型: 口服液\r', '173d73ff7b4d4ce09be00abe0abda85a', '  138.00', ' 39.00    ', '（618', '700', null, ': 0.00', null, '142', null, '141', 'http://detail.tmall.com/item.htm', '2016', '1', '14', '23', '43', '22');
INSERT INTO `b_pro_detail` VALUES ('bd98dbf2ba794ca98576a622a53d05c2', '【新品首发】中华老字号百花牌蜂花玛咖豆(巢本) 深山天然原料-tmall.com天猫', null, '2016-01-14 23:43:28', '产品参数：\r\n生产许可证编号：510126010068\r\n产品标准号：Q/CKK0008S\r\n厂名：四川夸克科技发展有限公司\r\n厂址：成都蛟龙工业港双流园区东海路15座\r\n厂家联系方式：400-650-3801\r\n配料表：玛咖粉、破壁油菜蜂花粉、麦芽糊素、微晶纤维素、羟丙基甲基纤维素\r\n储藏方法：阴暗避光、干燥密封\r\n保质期：730 天\r\n食品添加剂：无\r\n具体规格: 0.5g*120粒\r\n产品剂型: 片剂\r\n产地: 中国大陆地区\r\n省份: 北京\r\n保质期: 24个月\r\n包装方式: 包装\r\n品牌: 百花\r', '74b1c588ecf442f3a9d8188aac804ecb', '  198.00', ' 98.00    ', '（55', '45', null, ': 0.00', null, '28', null, '141', 'http://detail.tmall.com/item.htm', '2016', '1', '14', '23', '43', '28');
INSERT INTO `b_pro_detail` VALUES ('75480378faa74cebb321c2c1ed5e6f44', '中华老字号百花牌 苹果蜂蜜415g 天然纯净农家自产野生蜂蜜-tmall.com天猫', null, '2016-01-14 23:43:35', '产品参数：\r\n生产许可证编号：111126010033\r\n产品标准号：GB18796\r\n厂名：北京百花蜂蜜有限公司\r\n厂址：北京市房山区长阳镇北广阳城大街8号\r\n厂家联系方式：400-650-3801\r\n配料表：苹果蜂蜜\r\n储藏方法：置阴凉干燥处，密封保存\r\n保质期：540 天\r\n食品添加剂：无\r\n净含量: 415g\r\n包装方式: 包装\r\n商品条形码: 6904546002518\r\n品牌: 百花\r\n系列: 苹果蜂蜜1瓶装\r\n规格: 415g\r\n生产方式: 分离蜜\r\n蜂蜜种类: 其他/other\r\n产地: ', 'b01150bfeeca4e688c761a5bc982901a', '  59.00', ' 35.00    ', '（1044', '1658', null, ': 0.00', null, '81', null, '1471', 'http://detail.tmall.com/item.htm', '2016', '1', '14', '23', '43', '35');
INSERT INTO `b_pro_detail` VALUES ('c8f704d635bc4a05895ecde82b23cee3', '中华老字号 百花牌枣花蜂蜜415g 天然纯净农家自产野生蜂蜜-tmall.com天猫', null, '2016-01-14 23:43:41', '产品参数：\r\n生产许可证编号：111126010033\r\n产品标准号：GB14963\r\n厂名：北京百花蜂蜜有限公司\r\n厂址：北京市房山区长阳镇北广阳城大街8号\r\n厂家联系方式：400-650-3801\r\n配料表：枣花蜂蜜\r\n储藏方法：置阴凉干燥处，密封保存\r\n保质期：540 天\r\n食品添加剂：无\r\n净含量: 415g\r\n包装方式: 包装\r\n商品条形码: 6904546002655\r\n品牌: 百花\r\n系列: 天然枣花蜂蜜\r\n规格: 415g/瓶\r\n生产方式: 分离蜜\r\n蜂蜜种类: 其他/other\r\n产地:', '920c6afefe124937abb51496f29266f6', '  59.00', ' 35.00    ', '（5302', '7413', null, ': 0.00', null, '409', null, '2048', 'http://detail.tmall.com/item.htm', '2016', '1', '14', '23', '43', '41');
INSERT INTO `b_pro_detail` VALUES ('e48a1bee3e854a8da3f350a71e42c86e', '中华老字号 百花牌洋槐花蜂蜜415g 纯净天然农家自产土蜂蜜-tmall.com天猫', null, '2016-01-14 23:43:48', '产品参数：\r\n生产许可证编号：QS1111 2601 0033\r\n产品标准号：GB14963\r\n厂名：北京百花蜂蜜有限公司\r\n厂址：北京市房山区长阳镇北广阳城大街8号\r\n厂家联系方式：400-650-3801\r\n配料表：洋槐蜂蜜\r\n储藏方法：置阴凉干燥处，密封保存\r\n保质期：540 天\r\n食品添加剂：无\r\n产品名称：百花 洋槐蜂蜜 415g\r\n净含量: 415g\r\n包装方式: 包装\r\n品牌: 百花\r\n系列: 洋槐蜂蜜\r\n规格: 415g\r\n生产方式: 分离蜜\r\n蜂蜜种类: 刺槐蜜\r\n产地: 中国大陆\r\n省', 'ad69b0d6eab94f87ab77898f932bca83', '  69.00', ' 32.80    ', '（6846', '19349', null, ': 0.00', null, '17983', null, '24309', 'http://detail.tmall.com/item.htm', '2016', '1', '14', '23', '43', '48');
INSERT INTO `b_pro_detail` VALUES ('e3f70ff3eaa74d78aeae3d1c0ae9b90f', '【新品首发】中华老字号百花牌野江花蜂蜜(巢本) 原产地:老挝-tmall.com天猫', null, '2016-01-14 23:43:55', '产品参数：\r\n生产许可证编号：530126010048\r\n产品标准号：GB14963\r\n厂名：云南中蜂科技开发有限公司\r\n厂址：昆明经开区中豪新册产业城二期H6栋3楼\r\n厂家联系方式：4006503801\r\n配料表：野江花蜜\r\n储藏方法：密封置于阴凉干燥环境中\r\n保质期：540 天\r\n食品添加剂：无\r\n净含量: 580g\r\n包装方式: 包装\r\n商品条形码: 6904546003874\r\n品牌: 百花\r\n系列: 野江花蜜\r\n规格: 580g/瓶\r\n生产方式: 分离蜜\r\n蜂蜜种类: 其他/other\r\n产地:', '92e7ee72edd24e5c8d1eb483cdf3b414', '  199.00', ' 79.00    ', '（243', '41', null, ': 0.00', null, '20', null, '152', 'http://detail.tmall.com/item.htm', '2016', '1', '14', '23', '43', '55');
INSERT INTO `b_pro_detail` VALUES ('7f36d14bab5d4c2d9a8ed8476778e5cd', '中华老字号百花牌五味子蜂蜜415g 天然纯净农家自产野生蜂蜜-tmall.com天猫', null, '2016-01-14 23:44:02', '产品参数：\r\n生产许可证编号：111126010033\r\n产品标准号：GB18796\r\n厂名：北京百花蜂蜜有限公司\r\n厂址：北京市房山区长阳镇北广阳城大街8号\r\n厂家联系方式：400-650-3801\r\n配料表：稀有蜂蜜\r\n储藏方法：置阴凉干燥处，密封保存\r\n保质期：540 天\r\n食品添加剂：纯天然0添加\r\n净含量: 415g\r\n包装方式: 包装\r\n商品条形码: 6904546002525\r\n品牌: 百花\r\n系列: 稀有蜂蜜1瓶装\r\n规格: 415g\r\n生产方式: 分离蜜\r\n蜂蜜种类: 其他/other\r', '882eb43abaf647b6a91853f339e30ae1', '  59.00', ' 35.00    ', '（520', '1493', null, ': 0.00', null, '54', null, '1379', 'http://detail.tmall.com/item.htm', '2016', '1', '14', '23', '44', '2');
INSERT INTO `b_pro_detail` VALUES ('bc78d60e6fe345f1a308dc4fe7733eae', '百花牌蜂胶软胶囊 0.4g/粒*180粒-tmall.com天猫', null, '2016-01-14 23:44:08', '商品为国家食品药品监管局批准的 保健食品，本品不能代替药物，不能用于疾病预防、治疗。\r\n产品参数：\r\n产品标准号：Q/GXFCP 0021J\r\n厂名：北京百花蜂业科技发展股份有限公司\r\n厂址：北京市大兴区北京经济技术开发区同济中路7号兴盛工业园3号楼\r\n厂家联系方式：400-650-3801\r\n配料表：蜂胶 聚乙二醇 明胶 甘油\r\n储藏方法：置阴凉干燥处，密封保存\r\n保质期：720 天\r\n食品添加剂：见详情页\r\n产品名称：百花牌蜂胶软胶囊 0.4g/...\r\n产品剂型: 软胶囊\r\n保健食品产品名称: 百花', '1801013ba6f94543b4f3d4fd0cb324a6', '  799.00', ' 358.00    ', '（64', '33', null, ': 0.00', null, '4', null, '20', 'http://detail.tmall.com/item.htm', '2016', '1', '14', '23', '44', '8');
INSERT INTO `b_pro_detail` VALUES ('5a6b0ad085764a4596ee803f22d3b75a', '中华老字号百花牌富硒蜂蜜(巢本) 原产地:恩施-tmall.com天猫', null, '2016-01-14 23:44:15', '产品参数：\r\n生产许可证编号：420126010026\r\n产品标准号：Q/WFZB 0005S\r\n厂名：武汉蜂之宝蜂业有限公司\r\n厂址：湖北省武汉市洪山区李桥农业高科技产业园\r\n厂家联系方式：400-650-3801\r\n配料表：富硒蜜\r\n储藏方法：置阴凉干燥处，密封保存\r\n保质期：540 天\r\n食品添加剂：无\r\n净含量: 480g\r\n包装方式: 包装\r\n商品条形码: 6904546004055\r\n品牌: 百花\r\n系列: 富硒蜂蜜\r\n规格: 480g/瓶\r\n生产方式: 分离蜜\r\n蜂蜜种类: 其他/other', '4895aeb6fadf4e728b6980606c419d1d', '  229.00', ' 109.00    ', '（434', '487', null, ': 0.00', null, '47', null, '139', 'http://detail.tmall.com/item.htm', '2016', '1', '14', '23', '44', '15');
INSERT INTO `b_pro_detail` VALUES ('b57c2b25dc2c4b06b63fff9e4b515d06', '中华老字号 百花牌特色稀有蜂蜜3瓶 黄连黄芪五味子农家天然蜂蜜-tmall.com天猫', null, '2016-01-14 23:44:23', '产品参数：\r\n生产许可证编号：111126010033\r\n产品标准号：GB18796\r\n厂名：北京百花蜂蜜有限公司\r\n厂址：北京市房山区长阳镇北广阳城大街8号\r\n厂家联系方式：400-650-3801\r\n配料表：黄连蜂蜜黄芪蜂蜜五味子蜂蜜\r\n储藏方法：置阴凉干燥处，密封保存\r\n保质期：540 天\r\n食品添加剂：无\r\n净含量: 1245g\r\n包装方式: 包装\r\n品牌: 百花\r\n系列: 黄连蜜黄芪蜜五味子蜜3瓶装\r\n规格: 415g*3\r\n生产方式: 分离蜜\r\n蜂蜜种类: 其他/other\r\n产地: 中国大陆', 'e495986083854032a605d97c0d0a523f', '  199.00', ' 88.00    ', '（956', '2410', null, ': 0.00', null, '88', null, '864', 'http://detail.tmall.com/item.htm', '2016', '1', '14', '23', '44', '23');
INSERT INTO `b_pro_detail` VALUES ('fba739ef7bc940e1b905136569977ab9', '中华老字号 百花牌长白山雪蜜35袋 椴树纯蜂蜜 天然结晶蜜-tmall.com天猫', null, '2016-01-14 23:44:30', '产品参数：\r\n生产许可证编号：QS1111 2601 0033\r\n产品标准号：GB14963\r\n厂名：北京百花蜂蜜有限公司\r\n厂址：北京市房山区长阳镇北广阳城大街8号\r\n厂家联系方式：400-650-3801\r\n配料表：椴树蜂蜜\r\n储藏方法：密封置于阴凉干燥环境中\r\n保质期：540 天\r\n食品添加剂：无\r\n净含量: 350g\r\n包装方式: 包装\r\n品牌: 百花\r\n系列: 长白雪蜜罐装袋蜜\r\n规格: 10g/袋*35袋\r\n生产方式: 分离蜜\r\n蜂蜜种类: 其他/other\r\n产地: 中国大陆\r\n省份: 北京', '225c9583c54a4ef8996e70cf8edddb43', '  129.00', ' 39.00    ', '（144', '335', null, ': 0.00', null, '48', null, '107', 'http://detail.tmall.com/item.htm', '2016', '1', '14', '23', '44', '30');
INSERT INTO `b_pro_detail` VALUES ('ac8d23a608e9494ab272d9c8e60a725b', '百花牌洋参王浆片 0.5g/片*64片-tmall.com天猫', null, '2016-01-14 23:44:37', '商品为国家食品药品监管局批准的 保健食品，本品不能代替药物，不能用于疾病预防、治疗。\r\n产品参数：\r\n产品标准号：Q/GXFCP0030J\r\n厂名：北京百花蜂业科技发展股份公司\r\n厂址：北京市大兴区北京经济技术开发区同济中路7号兴盛工业园3号楼\r\n厂家联系方式：400-650-3801\r\n配料表：蜂王浆纯干粉、人参皂甙\r\n储藏方法：置阴凉干燥密封处\r\n保质期：720 天\r\n食品添加剂：见详情页\r\n产品名称：百花牌洋参王浆片 0.5g/...\r\n产品剂型: 片剂\r\n保健食品产品名称: 百花牌洋参王浆片\r\n品', '4dd7dc9bc1db442ead023bb6d3f73065', '  399.00', ' 119.00    ', '（122', '110', null, ': 0.00', null, '1', null, '2', 'http://detail.tmall.com/item.htm', '2016', '1', '14', '23', '44', '37');
INSERT INTO `b_pro_detail` VALUES ('402ac41981ae4035bb32824de65c8e3d', '中华老字号 百花牌枣花蜂蜜415g*3瓶装 天然红枣花纯蜂蜜-tmall.com天猫', null, '2016-01-14 23:44:44', '产品参数：\r\n生产许可证编号：111126010033\r\n产品标准号：GB14963\r\n厂名：北京百花蜂蜜有限公司\r\n厂址：北京市房山区长阳镇北广阳城大街8号\r\n厂家联系方式：400-650-3801\r\n配料表：枣花蜂蜜\r\n储藏方法：置阴凉干燥处，密封保存\r\n保质期：540 天\r\n食品添加剂：无\r\n净含量: 1245g\r\n包装方式: 包装\r\n商品条形码: 6904546002655\r\n品牌: 百花\r\n系列: 枣花蜂蜜3瓶装\r\n规格: 瓶装\r\n生产方式: 分离蜜\r\n蜂蜜种类: 其他/other\r\n产地: 中', 'b3c3c12a264a4a05b1235f8957463a99', '  188.00', ' 88.00    ', '（3366', '5887', null, ': 0.00', null, '253', null, '964', 'http://detail.tmall.com/item.htm', '2016', '1', '14', '23', '44', '44');
INSERT INTO `b_pro_detail` VALUES ('e1fd050e13d448208cf792bd5eff8657', '【新品首发】中华老字号百花牌怀香蜂蜜480g(巢本) 原产地:嘉峪关-tmall.com天猫', null, '2016-01-14 23:44:51', '产品参数：\r\n生产许可证编号：111126010033\r\n产品标准号：GB14963\r\n厂名：北京百花蜂蜜有限公司\r\n厂址：北京市房山区长阳镇北广阳城大街8号\r\n厂家联系方式：400-650-3801\r\n配料表：怀香蜜\r\n储藏方法：密封置于阴凉干燥环境中\r\n保质期：540 天\r\n食品添加剂：无\r\n净含量: 480g\r\n包装方式: 包装\r\n商品条形码: 6904546004116\r\n品牌: 百花\r\n系列: 怀香蜜\r\n规格: 480g/瓶\r\n生产方式: 分离蜜\r\n蜂蜜种类: 其他/other\r\n产地: 中国大', '36817972b8474ad4b5d8858ece9ae706', '  188.00', ' 69.00    ', '（155', '27', null, ': 0.00', null, '4', null, '172', 'http://detail.tmall.com/item.htm', '2016', '1', '14', '23', '44', '51');
INSERT INTO `b_pro_detail` VALUES ('51a42bcb92674ac68e207b853ea85aa0', '老字号 百花牌新鲜蜂王浆450g 天然高品质油菜蜂皇浆【顺丰航空】-tmall.com天猫', null, '2016-01-14 23:44:58', '产品参数：\r\n生产许可证编号：QS1124 2601 0005\r\n产品标准号：GB9697\r\n厂名：北京百花蜂业科技发展股份公司\r\n厂址：北京市北京经济技术开发区同济中路7号3号楼\r\n厂家联系方式：400-650-3801\r\n配料表：鲜蜂王浆\r\n储藏方法：零下18℃低温保存\r\n保质期：720 天\r\n食品添加剂：天然0添加\r\n净含量: 450g\r\n包装方式: 包装\r\n品牌: 百花\r\n系列: 百花新鲜王浆\r\n规格: 450g\r\n商品条形码: 6904546004147\r\n蜂王浆种类: 鲜蜂王浆\r\n产地: 中国', 'da6f6963f1664b7981183342a4f84387', '  499.00', ' 199.00    ', '（7846', '8209', null, ': 0.00', null, '1364', null, '1041', 'http://detail.tmall.com/item.htm', '2016', '1', '14', '23', '44', '58');
INSERT INTO `b_pro_detail` VALUES ('48e0b7e85748481f82bca82ec5e7c59f', '中华老字号百花牌玫瑰蜜酱580g(巢本) 原产地:安宁八街-tmall.com天猫', null, '2016-01-14 23:45:05', '产品参数：\r\n生产许可证编号：530126010048\r\n产品标准号：Q/YZF0001S\r\n厂名：云南中蜂科技开发有限公司\r\n厂址：昆明经开区中豪新册产业城二期H6栋3楼\r\n厂家联系方式：400 650 3801\r\n配料表：蜂蜜、重瓣红玫瑰、果葡糖浆\r\n储藏方法：密封置于阴凉环境中\r\n保质期：365 天\r\n食品添加剂：见详情页\r\n净含量: 580g\r\n包装方式: 包装\r\n商品条形码: 6904546003959\r\n品牌: 百花\r\n系列: 玫瑰蜜酱\r\n规格: 580g\r\n生产方式: 分离蜜\r\n蜂蜜种类: ', '346d7fcd8e9041448d42fa9893642231', '  118.00', ' 68.00    ', '（370', '376', null, ': 0.00', null, '70', null, '110', 'http://detail.tmall.com/item.htm', '2016', '1', '14', '23', '45', '5');
INSERT INTO `b_pro_detail` VALUES ('06458cf699fb4f64898a5654c406e332', '中华老字号 百花牌西西果蜜480g(巢本) 原产地:缅甸-tmall.com天猫', null, '2016-01-14 23:45:12', '产品参数：\r\n生产许可证编号：QS5301 2601 0048\r\n产品标准号：GB 14963\r\n厂名：云南中蜂科技开发有限公司\r\n厂址：昆明经开区中豪新册产业城二期H6栋3楼\r\n厂家联系方式：400-650-3801\r\n配料表：西西果蜂蜜\r\n储藏方法：密封置于阴凉干燥环境中\r\n保质期：540 天\r\n食品添加剂：无\r\n净含量: 480g\r\n包装方式: 包装\r\n商品条形码: 6904546003980\r\n品牌: 百花\r\n系列: 西西果蜜\r\n规格: 480g\r\n生产方式: 分离蜜\r\n蜂蜜种类: 其他/othe', 'dc355e95419e4bf3a89f2d509e713901', '  138.00', ' 99.00    ', '（203', '316', null, ': 0.00', null, '18', null, '760', 'http://detail.tmall.com/item.htm', '2016', '1', '14', '23', '45', '12');
INSERT INTO `b_pro_detail` VALUES ('fffd8278953042cab616efb595890713', '百花牌蜂胶软胶囊 0.4g/粒*90-tmall.com天猫', null, '2016-01-14 23:45:18', '商品为国家食品药品监管局批准的 保健食品，本品不能代替药物，不能用于疾病预防、治疗。\r\n产品参数：\r\n产品标准号：Q/GXFCP0021J\r\n厂名：北京百花蜂业科技发展股份公司\r\n厂址：北京市北京经济技术开发区同济中路7号3号楼\r\n厂家联系方式：4006503801\r\n配料表：蜂胶 聚乙二醇 明胶 甘油\r\n储藏方法：密封置于阴凉干燥环境中\r\n保质期：720 天\r\n食品添加剂：无\r\n产品名称：百花牌蜂胶软胶囊 0.4g/...\r\n产品剂型: 软胶囊\r\n保健食品产品名称: 百花牌蜂胶软胶囊\r\n品牌: 百花\r\n', 'd60714375f9746a381524bbf3b4a54eb', '  316.00', ' 159.00    ', '（83', '72', null, ': 0.00', null, '18', null, '226', 'http://detail.tmall.com/item.htm', '2016', '1', '14', '23', '45', '18');
INSERT INTO `b_pro_detail` VALUES ('c989b05e8044440299caef89c9ac5685', '中华老字号百花牌洋槐花蜜枣花百花蜜3瓶 农家野生土蜂蜜-tmall.com天猫', null, '2016-01-14 23:45:25', '产品参数：\r\n生产许可证编号：QS1111 2601 0033\r\n产品标准号：GB14963\r\n厂名：北京百花蜂蜜有限公司\r\n厂址：北京市房山区长阳镇北广阳城大街8号\r\n厂家联系方式：400-650-3801\r\n配料表：见瓶体\r\n储藏方法：密封置于阴凉干燥环境中\r\n保质期：540 天\r\n食品添加剂：无\r\n净含量: 1245g\r\n包装方式: 包装\r\n品牌: 百花\r\n系列: 蜂蜜3瓶装\r\n规格: 1245G\r\n生产方式: 分离蜜\r\n蜂蜜种类: 其他/other\r\n产地: 中国大陆\r\n省份: 北京\r\n形状: 液', 'cbfcbb766b1e4446a4cbe3aa1c98dd00', '  159.00', ' 88.00    ', '（28642', '42215', null, ': 0.00', null, '491', null, '10512', 'http://detail.tmall.com/item.htm', '2016', '1', '14', '23', '45', '25');
INSERT INTO `b_pro_detail` VALUES ('169625119dd7473b986ec8ec5ade1f0e', '【新品首发】中华老字号百花牌九龙藤蜂蜜（巢本） 原产地：漓江-tmall.com天猫', null, '2016-01-14 23:45:32', '产品参数：\r\n生产许可证编号：450126010018\r\n产品标准号：GB14963\r\n厂名：南宁市全健蜜蜂养殖场\r\n厂址：南宁市良庆区建源路15号\r\n厂家联系方式：400-650-3801\r\n配料表：九龙藤蜂蜜\r\n储藏方法：密封置于阴凉干燥环境中\r\n保质期：540 天\r\n食品添加剂：无\r\n净含量: 480g\r\n包装方式: 包装\r\n品牌: 百花\r\n系列: 九龙藤蜂蜜（巢本）\r\n规格: 480g/瓶\r\n生产方式: 分离蜜\r\n蜂蜜种类: 其他/other\r\n产地: 中国大陆\r\n省份: 北京\r\n形状: 液态蜜\r', 'c26955e2b30145a6a3488e72ef5188a8', '  199.00', ' 89.00    ', '（77', '34', null, ': 0.00', null, '17', null, '168', 'http://detail.tmall.com/item.htm', '2016', '1', '14', '23', '45', '32');
INSERT INTO `b_pro_detail` VALUES ('526a906fa55b4b30926614582a790b3e', '【中华老字号_百花牌长白雪蜜1000g】纯净天然椴树蜂蜜结晶雪蜜-tmall.com天猫', null, '2016-01-14 23:45:39', '产品参数：\r\n生产许可证编号：QS2201 2601 0058\r\n产品标准号：GB14963\r\n厂名：吉林依然蜂业有限公司\r\n厂址：吉林省长春九台经济开发区卡伦工业区北区甲三路\r\n厂家联系方式：4006503801\r\n配料表：椴树蜂蜜\r\n储藏方法：密封置于阴凉干燥环境中\r\n保质期：540 天\r\n食品添加剂：无\r\n净含量: 1000g\r\n包装方式: 包装\r\n商品条形码: 6904546267894\r\n品牌: 百花\r\n系列: 长白雪蜜-椴树蜜\r\n规格: 1千克\r\n生产方式: 分离蜜\r\n蜂蜜种类: 椴树蜜\r\n产', 'a6a1088a2ef84e34a698dc91c97cc9dc', '  198.00', ' 79.50    ', '（6717', '13629', null, ': 0.00', null, '1306', null, '2830', 'http://detail.tmall.com/item.htm', '2016', '1', '14', '23', '45', '39');

-- ----------------------------
-- Table structure for b_shop
-- ----------------------------
DROP TABLE IF EXISTS `b_shop`;
CREATE TABLE `b_shop` (
  `UID` varchar(100) NOT NULL,
  `NAME` varchar(255) DEFAULT NULL,
  `STATUS` varchar(100) DEFAULT NULL COMMENT '1,已开始,2已停止',
  `CREATETIME` date DEFAULT NULL,
  `EFFECTIVEDATE` date DEFAULT NULL,
  `URL` varchar(255) DEFAULT NULL,
  `IS_INTASK` char(1) DEFAULT '0' COMMENT '是否放入计划任务里',
  `USER_UID` varchar(100) DEFAULT NULL,
  `IS_INIT` char(1) DEFAULT '0' COMMENT '0未初始化，1已初始化',
  `INTASKTHREADID` varchar(255) DEFAULT NULL COMMENT '当前线程ID'
) ENGINE=InnoDB DEFAULT CHARSET=utf8;

-- ----------------------------
-- Records of b_shop
-- ----------------------------
INSERT INTO `b_shop` VALUES ('1', '百花官方旗舰店', '1', '2015-12-31', '2016-01-31', 'https://baihuasp.tmall.com', '1', '1', '1', null);

-- ----------------------------
-- Table structure for b_shop_item
-- ----------------------------
DROP TABLE IF EXISTS `b_shop_item`;
CREATE TABLE `b_shop_item` (
  `UID` varchar(100) NOT NULL,
  `P_UID` varchar(100) NOT NULL COMMENT '商铺ID',
  `NAME` varchar(255) DEFAULT NULL,
  `STATUS` varchar(100) DEFAULT '1' COMMENT '1,已开始,2已停止',
  `CREATETIME` date DEFAULT NULL,
  `EFFECTIVEDATE` date DEFAULT NULL COMMENT '如果上级有有效期，才判断该表有效期',
  `URL` varchar(255) DEFAULT NULL,
  `IS_INTASK` char(1) DEFAULT '0' COMMENT '是否放入计划任务里'
) ENGINE=InnoDB DEFAULT CHARSET=utf8;

-- ----------------------------
-- Records of b_shop_item
-- ----------------------------
INSERT INTO `b_shop_item` VALUES ('c74ef797bc994646a8faf2ffb7c2c54a', '1', '百花 蜂王浆冻干粉胶囊 0.35g/粒*160粒-tmall.com天猫', '1', '2016-01-02', null, 'http://detail.tmall.com/item.htm?id=43973443504&rn=cf4442f0896714d9d113e4693b4fad5b&abbucket=0\\', '1');
INSERT INTO `b_shop_item` VALUES ('50bf1dbbb77545db8e6b291f93a28a54', '1', '中华老字号 百花牌枸杞蜂蜜415g 天然纯净农家自产野生蜂蜜-tmall.com天猫', '1', '2016-01-02', null, 'http://detail.tmall.com/item.htm?id=14156002518&rn=cf4442f0896714d9d113e4693b4fad5b&abbucket=0\\', '1');
INSERT INTO `b_shop_item` VALUES ('9bf869a66bac4d5c96593aec5bab335a', '1', '中华老字号百花牌 枸杞/苹果/益母草蜂蜜415g*3瓶-tmall.com天猫', '1', '2016-01-02', null, 'http://detail.tmall.com/item.htm?id=36808656914&rn=cf4442f0896714d9d113e4693b4fad5b\\', '1');
INSERT INTO `b_shop_item` VALUES ('ca2c37c5454546ffa77e383e0ab148c2', '1', '百花牌蜂胶液 30ml/瓶*4-tmall.com天猫', '1', '2016-01-02', null, 'http://detail.tmall.com/item.htm?id=41918832115&rn=cf4442f0896714d9d113e4693b4fad5b&abbucket=0\\', '1');
INSERT INTO `b_shop_item` VALUES ('ef139bbab1274b70bc035a810b5c82d4', '1', '老字号 百花牌益母草蜂蜜415g纯蜂蜜 天然纯净农家自产野生蜂蜜-tmall.com天猫', '1', '2016-01-02', null, 'http://detail.tmall.com/item.htm?id=16241772996&rn=cf4442f0896714d9d113e4693b4fad5b&abbucket=0\\', '1');
INSERT INTO `b_shop_item` VALUES ('ac5caae6877f4ab7897dd2bf09087d3c', '1', '中华老字号 百花牌天然蜂蜜415g 天然农家自产纯蜂蜜-tmall.com天猫', '1', '2016-01-02', null, 'http://detail.tmall.com/item.htm?id=42332489806&rn=cf4442f0896714d9d113e4693b4fad5b\\', '1');
INSERT INTO `b_shop_item` VALUES ('1472d39224e6441fbcbcc6d0cb6f652a', '1', '中华老字号 百花牌枸杞蜂蜜415g*3瓶量贩装 天然纯蜂蜜-tmall.com天猫', '1', '2016-01-02', null, 'http://detail.tmall.com/item.htm?id=25767356447&rn=cf4442f0896714d9d113e4693b4fad5b&abbucket=0\\', '1');
INSERT INTO `b_shop_item` VALUES ('56372604bb2c44d19cc5cef508e6c905', '1', '百花牌洋参王浆片 0.5g/片*192片-tmall.com天猫', '1', '2016-01-02', null, 'http://detail.tmall.com/item.htm?id=41825396726&rn=cf4442f0896714d9d113e4693b4fad5b&abbucket=0\\', '1');
INSERT INTO `b_shop_item` VALUES ('744feeac93e4409b9ca25a85cc000a71', '1', '百花牌蜂胶液 30ml/瓶-tmall.com天猫', '1', '2016-01-02', null, 'http://detail.tmall.com/item.htm?id=41783850688&rn=cf4442f0896714d9d113e4693b4fad5b&abbucket=0\\', '1');
INSERT INTO `b_shop_item` VALUES ('aa20282540d44560a1d4ed1673990307', '1', '中华老字号 百花牌长白雪蜜 高品质椴树蜂蜜250g/瓶 纯蜂蜜-tmall.com天猫', '1', '2016-01-02', null, 'http://detail.tmall.com/item.htm?id=41765451779&rn=cf4442f0896714d9d113e4693b4fad5b&abbucket=0\\', '1');
INSERT INTO `b_shop_item` VALUES ('3a90571d2dd849c4a8dc9856b7ca9633', '1', '中华老字号百花牌洋槐花蜂蜜3瓶 天然农家自产纯野生土蜂蜜-tmall.com天猫', '1', '2016-01-02', null, 'http://detail.tmall.com/item.htm?id=25060344207&rn=cf4442f0896714d9d113e4693b4fad5b&abbucket=0\\', '1');
INSERT INTO `b_shop_item` VALUES ('7b6d2869940c45a89d2bf2ccaa0940e9', '1', '百花牌蜂胶软胶囊 0.4g/粒*228粒-tmall.com天猫', '1', '2016-01-02', null, 'http://detail.tmall.com/item.htm?id=14157718656&rn=cf4442f0896714d9d113e4693b4fad5b&abbucket=0\\', '1');
INSERT INTO `b_shop_item` VALUES ('08048adb1a8c4dedb2e0e21c88928f07', '1', '【新品首发】中华老字号百花牌坤草蜂蜜(巢本) 原产地:西双版纳-tmall.com天猫', '1', '2016-01-02', null, 'http://detail.tmall.com/item.htm?id=523017158528&rn=cf4442f0896714d9d113e4693b4fad5b&abbucket=0\\', '1');
INSERT INTO `b_shop_item` VALUES ('dc54c0961a534e59bac153405b97b05d', '1', '百花牌蜂胶软胶囊 0.4g/粒*30-tmall.com天猫', '1', '2016-01-02', null, 'http://detail.tmall.com/item.htm?id=40049524286&rn=cf4442f0896714d9d113e4693b4fad5b&abbucket=0\\', '1');
INSERT INTO `b_shop_item` VALUES ('947466769da1424ea2bfa66c3f6dc131', '1', '中华老字号 百花牌黄芪稀有蜂蜜415g 天然纯净农家自产野生蜂蜜-tmall.com天猫', '1', '2016-01-02', null, 'http://detail.tmall.com/item.htm?id=40020090599&rn=cf4442f0896714d9d113e4693b4fad5b&abbucket=0\\', '1');
INSERT INTO `b_shop_item` VALUES ('134a262f51a2437894343722ec392787', '1', '中华老字号百花牌绿色蜂蜜(巢本) 原产地:燕山丘陵_密云-tmall.com天猫', '1', '2016-01-02', null, 'http://detail.tmall.com/item.htm?id=45308026056&rn=cf4442f0896714d9d113e4693b4fad5b&abbucket=0\\', '1');
INSERT INTO `b_shop_item` VALUES ('ee06afba4c1d4e30961ffd9635325593', '1', '【预售】老字号百花牌长白雪蜜精美年货礼盒 高端雪蜜 白蜜纯蜂蜜-tmall.com天猫', '1', '2016-01-02', null, 'http://detail.tmall.com/item.htm?id=41886969596&rn=cf4442f0896714d9d113e4693b4fad5b&abbucket=0\\', '1');
INSERT INTO `b_shop_item` VALUES ('0511412a2875489b8c8a636530ff4e9a', '1', '中华老字号 百花牌黄连蜂蜜415g 天然纯净农家自产野生蜂蜜-tmall.com天猫', '1', '2016-01-02', null, 'http://detail.tmall.com/item.htm?id=16612180697&rn=cf4442f0896714d9d113e4693b4fad5b&abbucket=0\\', '1');
INSERT INTO `b_shop_item` VALUES ('e7b6ffff231b4505a8c2f62910b10c51', '1', '老字号 百花牌精美蜂蜜礼盒装 过年送礼送甜蜜 高端大牌礼盒装-tmall.com天猫', '1', '2016-01-02', null, 'http://detail.tmall.com/item.htm?id=40768460872&rn=cf4442f0896714d9d113e4693b4fad5b&abbucket=0\\', '1');
INSERT INTO `b_shop_item` VALUES ('3d5707e929ca48f1bc5eacf49fc3a6ad', '1', '【新品首发】中华老字号百花牌野藿香蜂蜜(巢本) 原产地:云南八宝-tmall.com天猫', '1', '2016-01-02', null, 'http://detail.tmall.com/item.htm?id=523017630954&rn=cf4442f0896714d9d113e4693b4fad5b&abbucket=0\\', '1');
INSERT INTO `b_shop_item` VALUES ('c5365987142c4ffd95ad9d6c1ec1f62f', '1', '中华老字号百花牌纯天然土蜂蜜 玉龙雪蜜(巢本系列) 原产地:丽江-tmall.com天猫', '1', '2016-01-02', null, 'http://detail.tmall.com/item.htm?id=45353225588&rn=cf4442f0896714d9d113e4693b4fad5b\\', '1');
INSERT INTO `b_shop_item` VALUES ('f97af17b5ef749edafad727251f55dce', '1', '中华老字号 百花牌维西藏蜜580g（巢本) 原产地:云南维西-tmall.com天猫', '1', '2016-01-02', null, 'http://detail.tmall.com/item.htm?id=521058224121&rn=cf4442f0896714d9d113e4693b4fad5b&abbucket=0\\', '1');
INSERT INTO `b_shop_item` VALUES ('db2c2c86715f45e9b5b060156a1a6078', '1', '【中华老字号】百花牌天然蜂蜜 3瓶 纯净农家自产野生土蜂蜜-tmall.com天猫', '1', '2016-01-02', null, 'http://detail.tmall.com/item.htm?id=37160233901&rn=cf4442f0896714d9d113e4693b4fad5b\\', '1');
INSERT INTO `b_shop_item` VALUES ('9df02d0bd53a4d4d911c7b24c2f1c845', '1', '中华老字号 百花牌洋槐/枸杞/百花蜂蜜415g*3瓶 纯蜂蜜-tmall.com天猫', '1', '2016-01-02', null, 'http://detail.tmall.com/item.htm?id=44255229007&rn=cf4442f0896714d9d113e4693b4fad5b&abbucket=0\\', '1');
INSERT INTO `b_shop_item` VALUES ('3d63cc0698454c1085dbb0f0cbc9131e', '1', '百花牌蜂王浆 3g/袋*90袋-tmall.com天猫', '1', '2016-01-02', null, 'http://detail.tmall.com/item.htm?id=16274873401&rn=cf4442f0896714d9d113e4693b4fad5b&abbucket=0\\', '1');
INSERT INTO `b_shop_item` VALUES ('173d73ff7b4d4ce09be00abe0abda85a', '1', '百花牌润通舒蜜炼膏 300g/瓶-tmall.com天猫', '1', '2016-01-02', null, 'http://detail.tmall.com/item.htm?id=41943828094&rn=cf4442f0896714d9d113e4693b4fad5b&abbucket=0\\', '1');
INSERT INTO `b_shop_item` VALUES ('74b1c588ecf442f3a9d8188aac804ecb', '1', '【新品首发】中华老字号百花牌蜂花玛咖豆(巢本) 深山天然原料-tmall.com天猫', '1', '2016-01-02', null, 'http://detail.tmall.com/item.htm?id=523018892570&rn=cf4442f0896714d9d113e4693b4fad5b&abbucket=0\\', '1');
INSERT INTO `b_shop_item` VALUES ('b01150bfeeca4e688c761a5bc982901a', '1', '中华老字号百花牌 苹果蜂蜜415g 天然纯净农家自产野生蜂蜜-tmall.com天猫', '1', '2016-01-02', null, 'http://detail.tmall.com/item.htm?id=14816919295&rn=cf4442f0896714d9d113e4693b4fad5b&abbucket=0\\', '1');
INSERT INTO `b_shop_item` VALUES ('920c6afefe124937abb51496f29266f6', '1', '中华老字号 百花牌枣花蜂蜜415g 天然纯净农家自产野生蜂蜜-tmall.com天猫', '1', '2016-01-02', null, 'http://detail.tmall.com/item.htm?id=14816567463&rn=cf4442f0896714d9d113e4693b4fad5b\\', '1');
INSERT INTO `b_shop_item` VALUES ('ad69b0d6eab94f87ab77898f932bca83', '1', '中华老字号 百花牌洋槐花蜂蜜415g 纯净天然农家自产土蜂蜜-tmall.com天猫', '1', '2016-01-02', null, 'http://detail.tmall.com/item.htm?id=39943468175&rn=cf4442f0896714d9d113e4693b4fad5b\\', '1');
INSERT INTO `b_shop_item` VALUES ('92e7ee72edd24e5c8d1eb483cdf3b414', '1', '【新品首发】中华老字号百花牌野江花蜂蜜(巢本) 原产地:老挝-tmall.com天猫', '1', '2016-01-02', null, 'http://detail.tmall.com/item.htm?id=523018958612&rn=cf4442f0896714d9d113e4693b4fad5b&abbucket=0\\', '1');
INSERT INTO `b_shop_item` VALUES ('882eb43abaf647b6a91853f339e30ae1', '1', '中华老字号百花牌五味子蜂蜜415g 天然纯净农家自产野生蜂蜜-tmall.com天猫', '1', '2016-01-02', null, 'http://detail.tmall.com/item.htm?id=40051056069&rn=cf4442f0896714d9d113e4693b4fad5b&abbucket=0\\', '1');
INSERT INTO `b_shop_item` VALUES ('1801013ba6f94543b4f3d4fd0cb324a6', '1', '百花牌蜂胶软胶囊 0.4g/粒*180粒-tmall.com天猫', '1', '2016-01-02', null, 'http://detail.tmall.com/item.htm?id=43447206305&rn=cf4442f0896714d9d113e4693b4fad5b&abbucket=0\\', '1');
INSERT INTO `b_shop_item` VALUES ('4895aeb6fadf4e728b6980606c419d1d', '1', '中华老字号百花牌富硒蜂蜜(巢本) 原产地:恩施-tmall.com天猫', '1', '2016-01-02', null, 'http://detail.tmall.com/item.htm?id=45550785165&rn=cf4442f0896714d9d113e4693b4fad5b&abbucket=0\\', '1');
INSERT INTO `b_shop_item` VALUES ('e495986083854032a605d97c0d0a523f', '1', '中华老字号 百花牌特色稀有蜂蜜3瓶 黄连黄芪五味子农家天然蜂蜜-tmall.com天猫', '1', '2016-01-02', null, 'http://detail.tmall.com/item.htm?id=35675515722&rn=cf4442f0896714d9d113e4693b4fad5b&abbucket=0\\', '1');
INSERT INTO `b_shop_item` VALUES ('225c9583c54a4ef8996e70cf8edddb43', '1', '中华老字号 百花牌长白山雪蜜35袋 椴树纯蜂蜜 天然结晶蜜-tmall.com天猫', '1', '2016-01-02', null, 'http://detail.tmall.com/item.htm?id=42936577957&rn=cf4442f0896714d9d113e4693b4fad5b&abbucket=0\\', '1');
INSERT INTO `b_shop_item` VALUES ('4dd7dc9bc1db442ead023bb6d3f73065', '1', '百花牌洋参王浆片 0.5g/片*64片-tmall.com天猫', '1', '2016-01-02', null, 'http://detail.tmall.com/item.htm?id=41762147796&rn=cf4442f0896714d9d113e4693b4fad5b&abbucket=0\\', '1');
INSERT INTO `b_shop_item` VALUES ('b3c3c12a264a4a05b1235f8957463a99', '1', '中华老字号 百花牌枣花蜂蜜415g*3瓶装 天然红枣花纯蜂蜜-tmall.com天猫', '1', '2016-01-02', null, 'http://detail.tmall.com/item.htm?id=25767240634&rn=cf4442f0896714d9d113e4693b4fad5b&abbucket=0\\', '1');
INSERT INTO `b_shop_item` VALUES ('36817972b8474ad4b5d8858ece9ae706', '1', '【新品首发】中华老字号百花牌怀香蜂蜜480g(巢本) 原产地:嘉峪关-tmall.com天猫', '1', '2016-01-02', null, 'http://detail.tmall.com/item.htm?id=522147679029&rn=cf4442f0896714d9d113e4693b4fad5b&abbucket=0\\', '1');
INSERT INTO `b_shop_item` VALUES ('da6f6963f1664b7981183342a4f84387', '1', '老字号 百花牌新鲜蜂王浆450g 天然高品质油菜蜂皇浆【顺丰航空】-tmall.com天猫', '1', '2016-01-02', null, 'http://detail.tmall.com/item.htm?id=43517402031&rn=cf4442f0896714d9d113e4693b4fad5b&abbucket=0\\', '1');
INSERT INTO `b_shop_item` VALUES ('346d7fcd8e9041448d42fa9893642231', '1', '中华老字号百花牌玫瑰蜜酱580g(巢本) 原产地:安宁八街-tmall.com天猫', '1', '2016-01-02', null, 'http://detail.tmall.com/item.htm?id=520304447928&rn=cf4442f0896714d9d113e4693b4fad5b&abbucket=0\\', '1');
INSERT INTO `b_shop_item` VALUES ('dc355e95419e4bf3a89f2d509e713901', '1', '中华老字号 百花牌西西果蜜480g(巢本) 原产地:缅甸-tmall.com天猫', '1', '2016-01-02', null, 'http://detail.tmall.com/item.htm?id=45432242770&rn=cf4442f0896714d9d113e4693b4fad5b&abbucket=0\\', '1');
INSERT INTO `b_shop_item` VALUES ('d60714375f9746a381524bbf3b4a54eb', '1', '百花牌蜂胶软胶囊 0.4g/粒*90-tmall.com天猫', '1', '2016-01-02', null, 'http://detail.tmall.com/item.htm?id=40301305602&rn=cf4442f0896714d9d113e4693b4fad5b&abbucket=0\\', '1');
INSERT INTO `b_shop_item` VALUES ('cbfcbb766b1e4446a4cbe3aa1c98dd00', '1', '中华老字号百花牌洋槐花蜜枣花百花蜜3瓶 农家野生土蜂蜜-tmall.com天猫', '1', '2016-01-02', null, 'http://detail.tmall.com/item.htm?id=21329663285&rn=cf4442f0896714d9d113e4693b4fad5b\\', '1');
INSERT INTO `b_shop_item` VALUES ('c26955e2b30145a6a3488e72ef5188a8', '1', '【新品首发】中华老字号百花牌九龙藤蜂蜜（巢本） 原产地：漓江-tmall.com天猫', '1', '2016-01-02', null, 'http://detail.tmall.com/item.htm?id=522881150117&rn=cf4442f0896714d9d113e4693b4fad5b&abbucket=0\\', '1');
INSERT INTO `b_shop_item` VALUES ('a6a1088a2ef84e34a698dc91c97cc9dc', '1', '【中华老字号_百花牌长白雪蜜1000g】纯净天然椴树蜂蜜结晶雪蜜-tmall.com天猫', '1', '2016-01-02', null, 'http://detail.tmall.com/item.htm?id=40037253927&rn=cf4442f0896714d9d113e4693b4fad5b\\', '1');

-- ----------------------------
-- Table structure for sys_app_user
-- ----------------------------
DROP TABLE IF EXISTS `sys_app_user`;
CREATE TABLE `sys_app_user` (
  `USER_ID` varchar(100) NOT NULL COMMENT '用户id',
  `USERNAME` varchar(255) DEFAULT NULL COMMENT '用户名',
  `PASSWORD` varchar(255) DEFAULT NULL COMMENT '密码',
  `NAME` varchar(255) DEFAULT NULL COMMENT '姓名',
  `RIGHTS` varchar(255) DEFAULT NULL COMMENT '权限',
  `ROLE_ID` varchar(100) DEFAULT NULL COMMENT '角色id',
  `LAST_LOGIN` varchar(255) DEFAULT NULL COMMENT '最后登录时间',
  `IP` varchar(100) DEFAULT NULL COMMENT '登录端ip地址',
  `STATUS` varchar(32) DEFAULT NULL COMMENT '状态',
  `BZ` varchar(255) DEFAULT NULL COMMENT '备注',
  `PHONE` varchar(100) DEFAULT NULL COMMENT '电话',
  `SFID` varchar(100) DEFAULT NULL COMMENT '身份证',
  `START_TIME` varchar(100) DEFAULT NULL COMMENT '服务开始时间',
  `END_TIME` varchar(100) DEFAULT NULL COMMENT '服务结束时间',
  `YEARS` decimal(10,0) DEFAULT NULL,
  `NUMBER` varchar(100) DEFAULT NULL,
  `EMAIL` varchar(32) DEFAULT NULL,
  PRIMARY KEY (`USER_ID`)
) ENGINE=InnoDB DEFAULT CHARSET=utf8;

-- ----------------------------
-- Records of sys_app_user
-- ----------------------------
INSERT INTO `sys_app_user` VALUES ('8c1ef225ff9049e8af1603a18a470de5', 'k1', 'c4ca4238a0b923820dcc509a6f75849b', 'k', null, '9b55251207324a2aae8bd073cbaf3971', null, null, '1', 'k', '1', '1', '2014-12-03', '2014-12-31', '1', '521', 'werwerwer@qq.com');

-- ----------------------------
-- Table structure for sys_gl_qx
-- ----------------------------
DROP TABLE IF EXISTS `sys_gl_qx`;
CREATE TABLE `sys_gl_qx` (
  `GL_ID` varchar(100) NOT NULL,
  `ROLE_ID` varchar(100) DEFAULT NULL,
  `FX_QX` decimal(10,0) DEFAULT NULL,
  `FW_QX` decimal(10,0) DEFAULT NULL,
  `QX1` decimal(10,0) DEFAULT NULL,
  `QX2` decimal(10,0) DEFAULT NULL,
  `QX3` decimal(10,0) DEFAULT NULL,
  `QX4` decimal(10,0) DEFAULT NULL,
  PRIMARY KEY (`GL_ID`)
) ENGINE=InnoDB DEFAULT CHARSET=utf8;

-- ----------------------------
-- Records of sys_gl_qx
-- ----------------------------
INSERT INTO `sys_gl_qx` VALUES ('1', '0', '1', '1', '1', '1', '1', '1');
INSERT INTO `sys_gl_qx` VALUES ('2', '1', '1', '1', '1', '1', '1', '1');
INSERT INTO `sys_gl_qx` VALUES ('6860150abf64486da96fdcf1ae0e28e1', '1', '0', '0', '0', '0', '0', '0');
INSERT INTO `sys_gl_qx` VALUES ('7f6719a1069941b6af50b2539864d511', '6', '0', '0', '0', '0', '0', '0');
INSERT INTO `sys_gl_qx` VALUES ('98e2524a98144326a129bd9490f9075f', '4', '0', '0', '0', '0', '0', '0');
INSERT INTO `sys_gl_qx` VALUES ('9b55251207324a2aae8bd073cbaf3971', '7', '0', '0', '0', '0', '0', '0');
INSERT INTO `sys_gl_qx` VALUES ('abac05d7f93148149fda3b4af8b05fbb', '7', '0', '0', '0', '0', '0', '0');
INSERT INTO `sys_gl_qx` VALUES ('cc874ff76fa149f38503039742b65b57', '7', '0', '0', '0', '0', '0', '0');

-- ----------------------------
-- Table structure for sys_menu
-- ----------------------------
DROP TABLE IF EXISTS `sys_menu`;
CREATE TABLE `sys_menu` (
  `MENU_ID` int(65) NOT NULL,
  `MENU_NAME` varchar(255) DEFAULT NULL,
  `MENU_URL` varchar(255) DEFAULT NULL,
  `PARENT_ID` varchar(100) DEFAULT NULL,
  `MENU_ORDER` varchar(100) DEFAULT NULL,
  `MENU_ICON` varchar(30) DEFAULT NULL,
  `MENU_TYPE` varchar(10) DEFAULT NULL,
  PRIMARY KEY (`MENU_ID`)
) ENGINE=InnoDB DEFAULT CHARSET=utf8;

-- ----------------------------
-- Records of sys_menu
-- ----------------------------
INSERT INTO `sys_menu` VALUES ('1', '系统管理', null, '0', '1', 'icon-desktop', '1');
INSERT INTO `sys_menu` VALUES ('2', '组织管理', 'role.do?1=1', '1', '1', null, '1');
INSERT INTO `sys_menu` VALUES ('3', '系统用户', 'user/listUsers.do?1=1', '1', '2', null, '1');
INSERT INTO `sys_menu` VALUES ('4', '会员管理', 'happuser/listUsers.do?1=1', '1', '3', null, '1');
INSERT INTO `sys_menu` VALUES ('5', '信息管理', null, '0', '2', 'icon-list-alt', '2');
INSERT INTO `sys_menu` VALUES ('6', 'ddd', 'hangge/list.do?1=1', '5', '1', null, '2');
INSERT INTO `sys_menu` VALUES ('7', '测试', 'saler/queryAllPro.do', '5', '2', null, '2');
INSERT INTO `sys_menu` VALUES ('8', '任务调度', 'task/taskList.do', '1', '4', null, '1');
INSERT INTO `sys_menu` VALUES ('9', 'GP', 'gp/GPLog_list.do', '5', '3', null, '2');

-- ----------------------------
-- Table structure for sys_role
-- ----------------------------
DROP TABLE IF EXISTS `sys_role`;
CREATE TABLE `sys_role` (
  `ROLE_ID` varchar(100) NOT NULL,
  `ROLE_NAME` varchar(100) DEFAULT NULL,
  `RIGHTS` varchar(255) DEFAULT NULL,
  `PARENT_ID` varchar(100) DEFAULT NULL,
  `ADD_QX` varchar(255) DEFAULT NULL,
  `DEL_QX` varchar(255) DEFAULT NULL,
  `EDIT_QX` varchar(255) DEFAULT NULL,
  `CHA_QX` varchar(255) DEFAULT NULL,
  `QX_ID` varchar(100) DEFAULT NULL,
  PRIMARY KEY (`ROLE_ID`)
) ENGINE=InnoDB DEFAULT CHARSET=utf8;

-- ----------------------------
-- Records of sys_role
-- ----------------------------
INSERT INTO `sys_role` VALUES ('1', '系统管理员', '1022', '0', '1', '1', '1', '1', '1');
INSERT INTO `sys_role` VALUES ('2', '超级管理员', '1022', '1', '30', '1', '1', '1', '2');
INSERT INTO `sys_role` VALUES ('4', '部门A', '54', '0', '0', '0', '0', '1', null);
INSERT INTO `sys_role` VALUES ('6', '部门B', '18', '0', '0', '0', '0', '1', null);
INSERT INTO `sys_role` VALUES ('6860150abf64486da96fdcf1ae0e28e1', 'A级管理员', '1022', '1', '0', '0', '0', '0', '6860150abf64486da96fdcf1ae0e28e1');
INSERT INTO `sys_role` VALUES ('7', '会员级别', '34', '0', '0', '0', '0', '0', null);
INSERT INTO `sys_role` VALUES ('7f6719a1069941b6af50b2539864d511', '部门经理', '18', '6', '0', '0', '0', '0', '7f6719a1069941b6af50b2539864d511');
INSERT INTO `sys_role` VALUES ('98e2524a98144326a129bd9490f9075f', '组长', '54', '4', '0', '0', '0', '0', '98e2524a98144326a129bd9490f9075f');
INSERT INTO `sys_role` VALUES ('9b55251207324a2aae8bd073cbaf3971', '高级会员', '34', '7', '0', '0', '0', '0', '9b55251207324a2aae8bd073cbaf3971');
INSERT INTO `sys_role` VALUES ('abac05d7f93148149fda3b4af8b05fbb', '中级会员', '34', '7', '0', '0', '0', '0', 'abac05d7f93148149fda3b4af8b05fbb');
INSERT INTO `sys_role` VALUES ('cc874ff76fa149f38503039742b65b57', '初级会员', '34', '7', '0', '0', '0', '0', 'cc874ff76fa149f38503039742b65b57');

-- ----------------------------
-- Table structure for sys_schedule_job
-- ----------------------------
DROP TABLE IF EXISTS `sys_schedule_job`;
CREATE TABLE `sys_schedule_job` (
  `job_id` bigint(20) NOT NULL AUTO_INCREMENT,
  `create_time` timestamp NULL DEFAULT NULL,
  `update_time` timestamp NULL DEFAULT CURRENT_TIMESTAMP ON UPDATE CURRENT_TIMESTAMP,
  `job_name` varchar(255) DEFAULT NULL,
  `job_group` varchar(255) DEFAULT NULL,
  `job_status` varchar(255) DEFAULT NULL,
  `cron_expression` varchar(255) NOT NULL,
  `description` varchar(255) DEFAULT NULL,
  `bean_class` varchar(255) DEFAULT NULL,
  `is_concurrent` varchar(255) DEFAULT NULL COMMENT '1',
  `spring_id` varchar(255) DEFAULT NULL,
  `method_name` varchar(255) NOT NULL,
  PRIMARY KEY (`job_id`),
  UNIQUE KEY `name_group` (`job_name`,`job_group`) USING BTREE
) ENGINE=InnoDB AUTO_INCREMENT=13 DEFAULT CHARSET=utf8;

-- ----------------------------
-- Records of sys_schedule_job
-- ----------------------------
INSERT INTO `sys_schedule_job` VALUES ('1', null, '2015-12-31 10:06:46', 'test', 'test', '0', '0/1 * * * * ?', 'test', 'com.tbetl.scheduler.job.TaskTest', '0', null, 'run1');
INSERT INTO `sys_schedule_job` VALUES ('2', null, '2014-04-25 14:17:19', 'test1', 'test', '0', '0/5 * * * * ?', 'test2', null, '1', 'taskTest', 'run');
INSERT INTO `sys_schedule_job` VALUES ('10', '2014-04-25 16:52:17', '2015-12-31 10:06:41', '中间', '1111', '0', '0/1 * * * * ?', 'xxx', 'com.tbetl.scheduler.job.TaskTest', '1', '', 'run');
INSERT INTO `sys_schedule_job` VALUES ('11', '2015-12-30 16:52:17', '2016-01-06 13:58:53', '初始化商店数据', '1111', '0', '0 * * * * ?', 'xxx', 'com.tbetl.scheduler.job.CatchData', '1', 'catchData', 'catchShopItem');
INSERT INTO `sys_schedule_job` VALUES ('12', '2015-12-30 16:52:17', '2016-01-06 13:58:50', '获取商店销售数据', '1111', '1', '0 40 23 * * ?', 'xxx', 'com.tbetl.scheduler.job.CatchData', '1', 'catchData', 'catchItemForDay');

-- ----------------------------
-- Table structure for sys_user
-- ----------------------------
DROP TABLE IF EXISTS `sys_user`;
CREATE TABLE `sys_user` (
  `USER_ID` varchar(100) NOT NULL COMMENT '用户id',
  `USERNAME` varchar(255) DEFAULT NULL COMMENT '用户名',
  `PASSWORD` varchar(255) DEFAULT NULL COMMENT '密码',
  `NAME` varchar(255) DEFAULT NULL COMMENT '姓名',
  `RIGHTS` varchar(255) DEFAULT NULL COMMENT '权限',
  `ROLE_ID` varchar(100) DEFAULT NULL COMMENT '角色id',
  `LAST_LOGIN` varchar(255) DEFAULT NULL COMMENT '最后登录时间',
  `IP` varchar(100) DEFAULT NULL COMMENT '登录端ip地址',
  `STATUS` varchar(32) DEFAULT NULL COMMENT '状态',
  `BZ` varchar(255) DEFAULT NULL COMMENT '备注',
  `SKIN` varchar(10) DEFAULT NULL,
  `EMAIL` varchar(32) DEFAULT NULL,
  `NUMBER` varchar(100) DEFAULT NULL,
  `PHONE` varchar(32) DEFAULT NULL,
  PRIMARY KEY (`USER_ID`)
) ENGINE=InnoDB DEFAULT CHARSET=utf8;

-- ----------------------------
-- Records of sys_user
-- ----------------------------
INSERT INTO `sys_user` VALUES ('1', 'admin', 'de41b7fb99201d8334c23c014db35ecd92df81bc', '系统管理员', '1133671055321055258374707980945218933803269864762743594642571294', '1', '2016-01-15 16:05:10', '0:0:0:0:0:0:0:1', '0', '最高统治者', 'default', 'admin@main.com', '001', null);
INSERT INTO `sys_user` VALUES ('23747df8990049818c76709197ea9b87', 'dingdan', '202cb962ac59075b964b07152d234b70', '订单', null, '2', null, null, '0', 'dfsd', 'default', 'poci_x@sina.com', '11301', '12344444444');
INSERT INTO `sys_user` VALUES ('371ef05e9dd649269384d1657b50bec5', 'dafangandi', '202cb962ac59075b964b07152d234b70', '大范甘迪', null, '2', null, null, '0', 'sdfs', 'default', '234234@qq.com', '234241', null);

-- ----------------------------
-- Table structure for sys_user_qx
-- ----------------------------
DROP TABLE IF EXISTS `sys_user_qx`;
CREATE TABLE `sys_user_qx` (
  `U_ID` varchar(100) NOT NULL,
  `C1` int(10) DEFAULT NULL,
  `C2` int(10) DEFAULT NULL,
  `C3` int(10) DEFAULT NULL,
  `C4` int(10) DEFAULT NULL,
  `Q1` int(10) DEFAULT NULL,
  `Q2` int(10) DEFAULT NULL,
  `Q3` int(10) DEFAULT NULL,
  `Q4` int(10) DEFAULT NULL,
  PRIMARY KEY (`U_ID`)
) ENGINE=InnoDB DEFAULT CHARSET=utf8;

-- ----------------------------
-- Records of sys_user_qx
-- ----------------------------
INSERT INTO `sys_user_qx` VALUES ('1', '1', '1', '1', '1', '1', '1', '1', '1');
INSERT INTO `sys_user_qx` VALUES ('2', '1', '1', '1', '1', '1', '1', '1', '1');
INSERT INTO `sys_user_qx` VALUES ('6860150abf64486da96fdcf1ae0e28e1', '0', '0', '0', '0', '0', '0', '0', '0');
INSERT INTO `sys_user_qx` VALUES ('7f6719a1069941b6af50b2539864d511', '0', '0', '0', '0', '0', '0', '0', '0');
INSERT INTO `sys_user_qx` VALUES ('98e2524a98144326a129bd9490f9075f', '0', '0', '0', '0', '0', '0', '0', '0');
INSERT INTO `sys_user_qx` VALUES ('9b55251207324a2aae8bd073cbaf3971', '0', '0', '0', '0', '0', '0', '0', '0');
INSERT INTO `sys_user_qx` VALUES ('abac05d7f93148149fda3b4af8b05fbb', '0', '0', '0', '0', '0', '0', '0', '0');
INSERT INTO `sys_user_qx` VALUES ('cc874ff76fa149f38503039742b65b57', '0', '0', '0', '0', '0', '0', '0', '0');

-- ----------------------------
-- Table structure for sys_zidian
-- ----------------------------
DROP TABLE IF EXISTS `sys_zidian`;
CREATE TABLE `sys_zidian` (
  `ZD_ID` varchar(100) NOT NULL,
  `NAME` varchar(100) DEFAULT NULL,
  `BIANMA` varchar(100) DEFAULT NULL,
  `ORDY_BY` int(10) DEFAULT NULL,
  `PARENT_ID` varchar(100) DEFAULT NULL,
  `JB` int(10) DEFAULT NULL,
  `P_BM` text,
  PRIMARY KEY (`ZD_ID`)
) ENGINE=InnoDB DEFAULT CHARSET=utf8;

-- ----------------------------
-- Records of sys_zidian
-- ----------------------------
INSERT INTO `sys_zidian` VALUES ('3ae0abc1c06449778033c392e064beb8', 'FF2', 'F2', '1', 'b2d8a3bb2e5e4a7c82051a5cf32e5653', '3', 'F1_F2');
INSERT INTO `sys_zidian` VALUES ('64abedd75d0b43fca1e8ad0482d9f373', '课程', 'KC', '1', '0', '1', 'KC');
INSERT INTO `sys_zidian` VALUES ('810c068dd3234c3dba1ec11c494dcb12', '语文', '001', '1', '64abedd75d0b43fca1e8ad0482d9f373', '2', 'KC_001');
INSERT INTO `sys_zidian` VALUES ('91159468e8934cd7bf374c2c51efbbd8', '分类', 'FL', '2', '0', '1', 'FL');
INSERT INTO `sys_zidian` VALUES ('b2d8a3bb2e5e4a7c82051a5cf32e5653', 'FF1', 'F1', '1', '91159468e8934cd7bf374c2c51efbbd8', '2', 'FL_F1');
